{
  "type": "FeatureCollection",
  "features": [
    {
      "type": "Feature",
      "geometry": {
        "type": "Polygon",
        "coordinates": [
          [
            [
              69.8798724,
              22.3643581
            ],
            [
              69.8806661,
              22.3632337
            ],
            [
              69.8813281,
              22.3623998
            ],
            [
              69.8831157,
              22.3610355
            ],
            [
              69.8832691,
              22.3612496
            ],
            [
              69.8839529,
              22.3612322
            ],
            [
              69.8839071,
              22.3622231
            ],
            [
              69.8860375,
              22.3623525
            ],
            [
              69.8863193,
              22.3612439
            ],
            [
              69.8879588,
              22.3617766
            ],
            [
              69.8882684,
              22.3622928
            ],
            [
              69.8886157,
              22.3625136
            ],
            [
              69.8896764,
              22.3626431
            ],
            [
              69.8897552,
              22.3614766
            ],
            [
              69.8926779,
              22.3605802
            ],
            [
              69.8946559,
              22.3599669
            ],
            [
              69.8960784,
              22.359134
            ],
            [
              69.8954165,
              22.3565454
            ],
            [
              69.8954487,
              22.3562576
            ],
            [
              69.89591,
              22.3557218
            ],
            [
              69.8967576,
              22.3539854
            ],
            [
              69.8964894,
              22.352884
            ],
            [
              69.896146,
              22.3529038
            ],
            [
              69.8955774,
              22.3527748
            ],
            [
              69.8956954,
              22.3524374
            ],
            [
              69.8953414,
              22.3516535
            ],
            [
              69.8957169,
              22.347476
            ],
            [
              69.8952609,
              22.347094
            ],
            [
              69.8946601,
              22.346955
            ],
            [
              69.894982,
              22.3428964
            ],
            [
              69.8945796,
              22.3428716
            ],
            [
              69.8945632,
              22.3377177
            ],
            [
              69.8942525,
              22.3376444
            ],
            [
              69.8939681,
              22.3373045
            ],
            [
              69.8939171,
              22.3369944
            ],
            [
              69.8938956,
              22.3366942
            ],
            [
              69.8939118,
              22.3364386
            ],
            [
              69.8941237,
              22.3357664
            ],
            [
              69.8949444,
              22.3341289
            ],
            [
              69.8955667,
              22.3329777
            ],
            [
              69.896425,
              22.3296431
            ],
            [
              69.8972833,
              22.3259612
            ],
            [
              69.8984527,
              22.3243534
            ],
            [
              69.9000943,
              22.3236289
            ],
            [
              69.8994613,
              22.322954
            ],
            [
              69.894644,
              22.3210286
            ],
            [
              69.8927665,
              22.3197483
            ],
            [
              69.8927343,
              22.3192594
            ],
            [
              69.8933592,
              22.3193984
            ],
            [
              69.8935014,
              22.3182868
            ],
            [
              69.8927289,
              22.317721
            ],
            [
              69.891758,
              22.3171032
            ],
            [
              69.8912859,
              22.3169618
            ],
            [
              69.8903471,
              22.3168799
            ],
            [
              69.8893815,
              22.3169891
            ],
            [
              69.8887163,
              22.3172471
            ],
            [
              69.8878902,
              22.3176789
            ],
            [
              69.8869193,
              22.3186863
            ],
            [
              69.8866028,
              22.3192867
            ],
            [
              69.8863345,
              22.3199914
            ],
            [
              69.886297,
              22.3214851
            ],
            [
              69.8863506,
              22.3228498
            ],
            [
              69.8858893,
              22.3243186
            ],
            [
              69.8854333,
              22.3249637
            ],
            [
              69.8838615,
              22.3270777
            ],
            [
              69.8827565,
              22.3291519
            ],
            [
              69.8815629,
              22.3314593
            ],
            [
              69.8812088,
              22.3322086
            ],
            [
              69.880895,
              22.3331092
            ],
            [
              69.8807958,
              22.3333349
            ],
            [
              69.8806939,
              22.3333424
            ],
            [
              69.8803988,
              22.3340916
            ],
            [
              69.8802003,
              22.3345531
            ],
            [
              69.8798731,
              22.3361285
            ],
            [
              69.8796049,
              22.3376717
            ],
            [
              69.8787332,
              22.3409191
            ],
            [
              69.8724476,
              22.3398623
            ],
            [
              69.8754374,
              22.3350592
            ],
            [
              69.8758799,
              22.3343482
            ],
            [
              69.8854553,
              22.318964
            ],
            [
              69.8883177,
              22.3159114
            ],
            [
              69.8764665,
              22.3078421
            ],
            [
              69.8709011,
              22.3042247
            ],
            [
              69.8688733,
              22.3023387
            ],
            [
              69.8683154,
              22.3023387
            ],
            [
              69.8679399,
              22.3024181
            ],
            [
              69.867425,
              22.3026861
            ],
            [
              69.8668349,
              22.3031328
            ],
            [
              69.8652052,
              22.3047022
            ],
            [
              69.8631249,
              22.3067386
            ],
            [
              69.8613947,
              22.3093464
            ],
            [
              69.8530483,
              22.3130189
            ],
            [
              69.8521471,
              22.3204827
            ],
            [
              69.8518038,
              22.3250878
            ],
            [
              69.8448825,
              22.3274782
            ],
            [
              69.8449251,
              22.3334614
            ],
            [
              69.844476,
              22.3334466
            ],
            [
              69.844307,
              22.3336227
            ],
            [
              69.8434487,
              22.3336302
            ],
            [
              69.8433226,
              22.3334267
            ],
            [
              69.8427379,
              22.3331786
            ],
            [
              69.8423623,
              22.3331749
            ],
            [
              69.8422336,
              22.3354686
            ],
            [
              69.8421156,
              22.3356571
            ],
            [
              69.8418474,
              22.3360491
            ],
            [
              69.8378885,
              22.3360888
            ],
            [
              69.8378563,
              22.3355629
            ],
            [
              69.8364293,
              22.335022
            ],
            [
              69.8357534,
              22.3348632
            ],
            [
              69.835673,
              22.335672
            ],
            [
              69.8347664,
              22.3355778
            ],
            [
              69.8345948,
              22.3368828
            ],
            [
              69.8349112,
              22.3368827
            ],
            [
              69.8348951,
              22.3383754
            ],
            [
              69.835723,
              22.338405
            ],
            [
              69.8357867,
              22.3389354
            ],
            [
              69.837395,
              22.3389977
            ],
            [
              69.8372183,
              22.3405888
            ],
            [
              69.8372889,
              22.3412619
            ],
            [
              69.8336874,
              22.3412375
            ],
            [
              69.8330712,
              22.3429907
            ],
            [
              69.8351097,
              22.3434075
            ],
            [
              69.8354316,
              22.3431296
            ],
            [
              69.8365999,
              22.3430949
            ],
            [
              69.8372146,
              22.3432128
            ],
            [
              69.8365512,
              22.3450326
            ],
            [
              69.8358285,
              22.3461562
            ],
            [
              69.8359358,
              22.3462902
            ],
            [
              69.836027,
              22.3468062
            ],
            [
              69.8360538,
              22.3471039
            ],
            [
              69.8358715,
              22.347481
            ],
            [
              69.8363328,
              22.3473867
            ],
            [
              69.8364186,
              22.346955
            ],
            [
              69.8369712,
              22.3468161
            ],
            [
              69.8370516,
              22.3463745
            ],
            [
              69.8383069,
              22.3462356
            ],
            [
              69.8393476,
              22.3461562
            ],
            [
              69.8396083,
              22.347113
            ],
            [
              69.8396371,
              22.3479611
            ],
            [
              69.8399989,
              22.3486231
            ],
            [
              69.8399837,
              22.3471509
            ],
            [
              69.8446043,
              22.3473113
            ],
            [
              69.844766,
              22.3473169
            ],
            [
              69.8448446,
              22.3473196
            ],
            [
              69.845024,
              22.3473321
            ],
            [
              69.8451338,
              22.3627353
            ],
            [
              69.8458256,
              22.3627359
            ],
            [
              69.8550231,
              22.3712334
            ],
            [
              69.8551192,
              22.3653739
            ],
            [
              69.8564011,
              22.3654117
            ],
            [
              69.8571862,
              22.364969
            ],
            [
              69.8576817,
              22.3643361
            ],
            [
              69.8605872,
              22.3652214
            ],
            [
              69.8598692,
              22.3638741
            ],
            [
              69.859941,
              22.363456
            ],
            [
              69.86916,
              22.3634529
            ],
            [
              69.8713946,
              22.3643442
            ],
            [
              69.8721403,
              22.3618488
            ],
            [
              69.8728269,
              22.361886
            ],
            [
              69.8735458,
              22.3618761
            ],
            [
              69.8736343,
              22.3618513
            ],
            [
              69.8737094,
              22.3619406
            ],
            [
              69.8757586,
              22.3619381
            ],
            [
              69.8769783,
              22.3618754
            ],
            [
              69.8771319,
              22.3619629
            ],
            [
              69.8798724,
              22.3643581
            ]
          ]
        ]
      },
      "properties": {
        "osm_id": "way/91585872",
        "name": "Reliance Refinery",
        "zone_type": "industrial",
        "source": "osm"
      }
    },
    {
      "type": "Feature",
      "geometry": {
        "type": "Polygon",
        "coordinates": [
          [
            [
              68.5758998,
              23.4958461
            ],
            [
              68.584987,
              23.4959403
            ],
            [
              68.5848571,
              23.5001258
            ],
            [
              68.5758607,
              23.5000445
            ],
            [
              68.5758998,
              23.4958461
            ]
          ]
        ]
      },
      "properties": {
        "osm_id": "way/128739497",
        "name": "Sanghi Cement",
        "zone_type": "industrial",
        "source": "osm"
      }
    },
    {
      "type": "Feature",
      "geometry": {
        "type": "Polygon",
        "coordinates": [
          [
            [
              68.5758166,
              23.4250669
            ],
            [
              68.5775171,
              23.4289881
            ],
            [
              68.5792028,
              23.4283368
            ],
            [
              68.5776946,
              23.4246734
            ],
            [
              68.5758166,
              23.4250669
            ]
          ]
        ]
      },
      "properties": {
        "osm_id": "way/128739536",
        "name": null,
        "zone_type": "industrial",
        "source": "osm"
      }
    },
    {
      "type": "Feature",
      "geometry": {
        "type": "Polygon",
        "coordinates": [
          [
            [
              69.858724,
              22.3438143
            ],
            [
              69.8587043,
              22.340737
            ],
            [
              69.8618931,
              22.3406822
            ],
            [
              69.8619227,
              22.3438051
            ],
            [
              69.858724,
              22.3438143
            ]
          ]
        ]
      },
      "properties": {
        "osm_id": "way/322037750",
        "name": null,
        "zone_type": "industrial",
        "source": "osm"
      }
    },
    {
      "type": "Feature",
      "geometry": {
        "type": "Polygon",
        "coordinates": [
          [
            [
              68.5008556,
              23.4813244
            ],
            [
              68.5007966,
              23.48005
            ],
            [
              68.5029906,
              23.4802419
            ],
            [
              68.5027277,
              23.4809258
            ],
            [
              68.5013276,
              23.4813736
            ],
            [
              68.5008556,
              23.4813244
            ]
          ]
        ]
      },
      "properties": {
        "osm_id": "way/731086922",
        "name": null,
        "zone_type": "industrial",
        "source": "osm"
      }
    },
    {
      "type": "Feature",
      "geometry": {
        "type": "Polygon",
        "coordinates": [
          [
            [
              68.5787578,
              23.4999231
            ],
            [
              68.5787759,
              23.4994695
            ],
            [
              68.5793508,
              23.4994613
            ],
            [
              68.579368,
              23.4990129
            ],
            [
              68.5781212,
              23.499034
            ],
            [
              68.5765595,
              23.498977
            ],
            [
              68.5760266,
              23.4989323
            ],
            [
              68.5760126,
              23.4999166
            ],
            [
              68.5787578,
              23.4999231
            ]
          ]
        ]
      },
      "properties": {
        "osm_id": "way/944917515",
        "name": "SANGHIPURAM CEMENT",
        "zone_type": "industrial",
        "source": "osm"
      }
    },
    {
      "type": "Feature",
      "geometry": {
        "type": "Polygon",
        "coordinates": [
          [
            [
              69.8638595,
              22.3787978
            ],
            [
              69.8640116,
              22.3788897
            ],
            [
              69.864497,
              22.378906
            ],
            [
              69.8674289,
              22.371295
            ],
            [
              69.8690184,
              22.3659745
            ],
            [
              69.8721158,
              22.3551255
            ],
            [
              69.8718781,
              22.3550439
            ],
            [
              69.8477911,
              22.3552889
            ],
            [
              69.8477979,
              22.3556155
            ],
            [
              69.8715249,
              22.3555904
            ],
            [
              69.8667835,
              22.371339
            ],
            [
              69.8638595,
              22.3787978
            ]
          ]
        ]
      },
      "properties": {
        "osm_id": "way/1340347659",
        "name": null,
        "zone_type": "industrial",
        "source": "osm"
      }
    },
    {
      "type": "Feature",
      "geometry": {
        "type": "Polygon",
        "coordinates": [
          [
            [
              73.9659648,
              21.1069176
            ],
            [
              73.9666709,
              21.1088742
            ],
            [
              73.9669563,
              21.1110251
            ],
            [
              73.9668246,
              21.1129097
            ],
            [
              73.9681421,
              21.1148761
            ],
            [
              73.96924,
              21.1170065
            ],
            [
              73.9702281,
              21.1186656
            ],
            [
              73.9718311,
              21.120038
            ],
            [
              73.9731266,
              21.1208574
            ],
            [
              73.9747076,
              21.1214514
            ],
            [
              73.9762886,
              21.1216972
            ],
            [
              73.9780453,
              21.1199766
            ],
            [
              73.9809877,
              21.1192187
            ],
            [
              73.9817562,
              21.1206935
            ],
            [
              73.982415,
              21.1228442
            ],
            [
              73.9846987,
              21.1243395
            ],
            [
              73.9856648,
              21.1280878
            ],
            [
              73.9895295,
              21.1288251
            ],
            [
              73.9923841,
              21.1285384
            ],
            [
              73.9964244,
              21.1287432
            ],
            [
              74.0005526,
              21.1288251
            ],
            [
              74.0022214,
              21.1281287
            ],
            [
              74.0044814,
              21.1231465
            ],
            [
              74.0053957,
              21.1211395
            ],
            [
              74.0073211,
              21.1169125
            ],
            [
              74.0109881,
              21.1119144
            ],
            [
              74.0128985,
              21.1058714
            ],
            [
              74.0145811,
              21.1010776
            ],
            [
              74.0149406,
              21.1000534
            ],
            [
              74.014743,
              21.0978614
            ],
            [
              74.0142819,
              21.0964478
            ],
            [
              74.0132059,
              21.0975131
            ],
            [
              74.0127448,
              21.099234
            ],
            [
              74.0115154,
              21.1009764
            ],
            [
              74.0098642,
              21.1017381
            ],
            [
              74.0096952,
              21.1030481
            ],
            [
              74.0087079,
              21.1043075
            ],
            [
              74.0072616,
              21.1053204
            ],
            [
              74.0077163,
              21.1068956
            ],
            [
              74.0066184,
              21.1067113
            ],
            [
              74.0052131,
              21.1085549
            ],
            [
              74.0049447,
              21.109178
            ],
            [
              74.0042689,
              21.1107468
            ],
            [
              74.0037419,
              21.1121807
            ],
            [
              74.0019413,
              21.1135736
            ],
            [
              74.0011947,
              21.1159293
            ],
            [
              73.9992185,
              21.1169125
            ],
            [
              73.9966274,
              21.1162366
            ],
            [
              73.9950244,
              21.1148232
            ],
            [
              73.9940802,
              21.113082
            ],
            [
              73.9933989,
              21.1116102
            ],
            [
              73.9928286,
              21.1103781
            ],
            [
              73.9914452,
              21.1105829
            ],
            [
              73.9921918,
              21.1134098
            ],
            [
              73.99105,
              21.117609
            ],
            [
              73.9895129,
              21.1179367
            ],
            [
              73.9882393,
              21.1171583
            ],
            [
              73.9880636,
              21.1157859
            ],
            [
              73.9881295,
              21.112488
            ],
            [
              73.9880636,
              21.1103576
            ],
            [
              73.987317,
              21.1089236
            ],
            [
              73.9859995,
              21.1081862
            ],
            [
              73.9851651,
              21.1068751
            ],
            [
              73.9862191,
              21.1033107
            ],
            [
              73.9842429,
              21.1047856
            ],
            [
              73.9827936,
              21.1065679
            ],
            [
              73.9814322,
              21.1087393
            ],
            [
              73.978402,
              21.1127952
            ],
            [
              73.977326,
              21.1116071
            ],
            [
              73.9765575,
              21.1106239
            ],
            [
              73.9758987,
              21.1095177
            ],
            [
              73.9746032,
              21.1078584
            ],
            [
              73.9735272,
              21.1065269
            ],
            [
              73.9729563,
              21.1056255
            ],
            [
              73.9721499,
              21.1045233
            ],
            [
              73.9659648,
              21.1069176
            ]
          ]
        ]
      },
      "properties": {
        "osm_id": "way/313560115",
        "name": null,
        "zone_type": "forest",
        "source": "osm"
      }
    },
    {
      "type": "Feature",
      "geometry": {
        "type": "Polygon",
        "coordinates": [
          [
            [
              74.0556759,
              20.8475141
            ],
            [
              74.0560937,
              20.845136
            ],
            [
              74.0567773,
              20.8442486
            ],
            [
              74.0573471,
              20.8434677
            ],
            [
              74.0565684,
              20.8424383
            ],
            [
              74.0560557,
              20.8416929
            ],
            [
              74.0560367,
              20.840557
            ],
            [
              74.0556189,
              20.8412137
            ],
            [
              74.0549163,
              20.8420301
            ],
            [
              74.0541566,
              20.8418171
            ],
            [
              74.0525994,
              20.8416219
            ],
            [
              74.0518208,
              20.8407522
            ],
            [
              74.0510232,
              20.8396873
            ],
            [
              74.0504534,
              20.8395453
            ],
            [
              74.0503775,
              20.8404505
            ],
            [
              74.0500546,
              20.8420301
            ],
            [
              74.0503205,
              20.8436984
            ],
            [
              74.0505674,
              20.8453489
            ],
            [
              74.0492682,
              20.8448875
            ],
            [
              74.0477489,
              20.8433257
            ],
            [
              74.0464575,
              20.840486
            ],
            [
              74.0461537,
              20.8393501
            ],
            [
              74.0472931,
              20.8380012
            ],
            [
              74.0464196,
              20.835055
            ],
            [
              74.0440647,
              20.8344515
            ],
            [
              74.0418238,
              20.8348775
            ],
            [
              74.0401147,
              20.8356939
            ],
            [
              74.0392791,
              20.8376463
            ],
            [
              74.0377598,
              20.8397051
            ],
            [
              74.035367,
              20.8416574
            ],
            [
              74.0350631,
              20.8437161
            ],
            [
              74.035291,
              20.8456684
            ],
            [
              74.035642,
              20.8483577
            ],
            [
              74.0360507,
              20.8514895
            ],
            [
              74.0382536,
              20.8503182
            ],
            [
              74.0404565,
              20.8497148
            ],
            [
              74.0424315,
              20.8492888
            ],
            [
              74.0436089,
              20.8497858
            ],
            [
              74.0450143,
              20.851596
            ],
            [
              74.0478249,
              20.8516314
            ],
            [
              74.049648,
              20.8511345
            ],
            [
              74.0512052,
              20.8495018
            ],
            [
              74.0538259,
              20.848295
            ],
            [
              74.0556759,
              20.8475141
            ]
          ]
        ]
      },
      "properties": {
        "osm_id": "way/317895039",
        "name": null,
        "zone_type": "forest",
        "source": "osm"
      }
    },
    {
      "type": "Feature",
      "geometry": {
        "type": "Polygon",
        "coordinates": [
          [
            [
              69.8741353,
              22.3440711
            ],
            [
              69.8746779,
              22.3440578
            ],
            [
              69.8754845,
              22.3443997
            ],
            [
              69.8753981,
              22.3447728
            ],
            [
              69.875739,
              22.3448083
            ],
            [
              69.8755469,
              22.3454167
            ],
            [
              69.8750284,
              22.3472463
            ],
            [
              69.8749324,
              22.3472374
            ],
            [
              69.8749996,
              22.3467089
            ],
            [
              69.8748411,
              22.3455321
            ],
            [
              69.8745867,
              22.3448705
            ],
            [
              69.8743802,
              22.3444664
            ],
            [
              69.8741353,
              22.3440711
            ]
          ]
        ]
      },
      "properties": {
        "osm_id": "way/321959464",
        "name": null,
        "zone_type": "forest",
        "source": "osm"
      }
    },
    {
      "type": "Feature",
      "geometry": {
        "type": "Polygon",
        "coordinates": [
          [
            [
              69.8724459,
              22.3471218
            ],
            [
              69.8742992,
              22.3471129
            ],
            [
              69.8743051,
              22.3454592
            ],
            [
              69.8744537,
              22.3454511
            ],
            [
              69.874582,
              22.3459337
            ],
            [
              69.8746302,
              22.3466135
            ],
            [
              69.874589,
              22.3471133
            ],
            [
              69.8724965,
              22.3539295
            ],
            [
              69.8724459,
              22.3471218
            ]
          ]
        ]
      },
      "properties": {
        "osm_id": "way/321959555",
        "name": null,
        "zone_type": "forest",
        "source": "osm"
      }
    },
    {
      "type": "Feature",
      "geometry": {
        "type": "Polygon",
        "coordinates": [
          [
            [
              73.8762331,
              23.741119
            ],
            [
              73.8758468,
              23.7389584
            ],
            [
              73.8723707,
              23.7386442
            ],
            [
              73.8690233,
              23.7414726
            ],
            [
              73.8699674,
              23.7444581
            ],
            [
              73.8724565,
              23.746108
            ],
            [
              73.8718986,
              23.7481899
            ],
            [
              73.8707828,
              23.7484256
            ],
            [
              73.8700962,
              23.751843
            ],
            [
              73.8727998,
              23.7535321
            ],
            [
              73.8713836,
              23.7556532
            ],
            [
              73.86662,
              23.7592275
            ],
            [
              73.8631868,
              23.7615056
            ],
            [
              73.8633585,
              23.7589526
            ],
            [
              73.8659763,
              23.7529036
            ],
            [
              73.8653326,
              23.7492898
            ],
            [
              73.8621997,
              23.7484649
            ],
            [
              73.8586378,
              23.749879
            ],
            [
              73.8558054,
              23.7596203
            ],
            [
              73.851428,
              23.7609165
            ],
            [
              73.8503122,
              23.7638623
            ],
            [
              73.8506984,
              23.7647263
            ],
            [
              73.8523292,
              23.7664152
            ],
            [
              73.8508272,
              23.768595
            ],
            [
              73.849647,
              23.7701071
            ],
            [
              73.8487887,
              23.7712068
            ],
            [
              73.8497329,
              23.7726599
            ],
            [
              73.8513636,
              23.773956
            ],
            [
              73.851428,
              23.7749574
            ],
            [
              73.8508272,
              23.7757036
            ],
            [
              73.8502264,
              23.7798665
            ],
            [
              73.8491964,
              23.7812999
            ],
            [
              73.8487029,
              23.7831457
            ],
            [
              73.8484454,
              23.7855608
            ],
            [
              73.8484454,
              23.7865229
            ],
            [
              73.8484025,
              23.7888398
            ],
            [
              73.8487887,
              23.7888791
            ],
            [
              73.8490891,
              23.7880348
            ],
            [
              73.849926,
              23.7878385
            ],
            [
              73.8500976,
              23.7873476
            ],
            [
              73.8520932,
              23.786091
            ],
            [
              73.852694,
              23.7851877
            ],
            [
              73.8544321,
              23.7844416
            ],
            [
              73.8553762,
              23.7826548
            ],
            [
              73.8562989,
              23.7805734
            ],
            [
              73.8578009,
              23.7804949
            ],
            [
              73.8594532,
              23.7795327
            ],
            [
              73.8611913,
              23.7798076
            ],
            [
              73.8633585,
              23.7793363
            ],
            [
              73.8642812,
              23.7784134
            ],
            [
              73.8647961,
              23.7771567
            ],
            [
              73.8656115,
              23.7758018
            ],
            [
              73.8667059,
              23.7756054
            ],
            [
              73.86662,
              23.7743683
            ],
            [
              73.8659119,
              23.7739952
            ],
            [
              73.8655472,
              23.7753502
            ],
            [
              73.8646245,
              23.7759
            ],
            [
              73.8631868,
              23.7770585
            ],
            [
              73.8629722,
              23.7784724
            ],
            [
              73.8606763,
              23.7792774
            ],
            [
              73.8593888,
              23.7781189
            ],
            [
              73.8585949,
              23.778276
            ],
            [
              73.8583159,
              23.7791596
            ],
            [
              73.8566422,
              23.7799451
            ],
            [
              73.8565779,
              23.7784527
            ],
            [
              73.857243,
              23.7770782
            ],
            [
              73.8571358,
              23.7761945
            ],
            [
              73.8559985,
              23.7747414
            ],
            [
              73.8589811,
              23.7741327
            ],
            [
              73.8634443,
              23.7720512
            ],
            [
              73.8668346,
              23.7704409
            ],
            [
              73.8673711,
              23.77103
            ],
            [
              73.8689375,
              23.7706373
            ],
            [
              73.869152,
              23.7696751
            ],
            [
              73.8698172,
              23.7695376
            ],
            [
              73.870697,
              23.7678291
            ],
            [
              73.8736796,
              23.7654922
            ],
            [
              73.8734865,
              23.7649031
            ],
            [
              73.8743663,
              23.7627821
            ],
            [
              73.8754606,
              23.7627232
            ],
            [
              73.875761,
              23.7611717
            ],
            [
              73.8771343,
              23.760504
            ],
            [
              73.8772845,
              23.7596596
            ],
            [
              73.8761472,
              23.7588544
            ],
            [
              73.8764047,
              23.7578528
            ],
            [
              73.8769841,
              23.7584027
            ],
            [
              73.8775849,
              23.758383
            ],
            [
              73.8781428,
              23.7574403
            ],
            [
              73.8788938,
              23.7571457
            ],
            [
              73.8794732,
              23.756478
            ],
            [
              73.8799936,
              23.7570623
            ],
            [
              73.8799024,
              23.755771
            ],
            [
              73.8797039,
              23.7555451
            ],
            [
              73.8797092,
              23.7553978
            ],
            [
              73.8800847,
              23.7548577
            ],
            [
              73.8799936,
              23.7543913
            ],
            [
              73.8793552,
              23.7539494
            ],
            [
              73.8789797,
              23.7532571
            ],
            [
              73.8770378,
              23.7517055
            ],
            [
              73.8762009,
              23.7514796
            ],
            [
              73.877145,
              23.7513716
            ],
            [
              73.8770485,
              23.7509494
            ],
            [
              73.877145,
              23.7506351
            ],
            [
              73.8776064,
              23.7507431
            ],
            [
              73.8775957,
              23.7500459
            ],
            [
              73.8779712,
              23.7499379
            ],
            [
              73.8782072,
              23.7488871
            ],
            [
              73.8789797,
              23.7480033
            ],
            [
              73.8796341,
              23.7477381
            ],
            [
              73.8801384,
              23.7468346
            ],
            [
              73.8800526,
              23.7462356
            ],
            [
              73.8796878,
              23.7455482
            ],
            [
              73.8799345,
              23.7449589
            ],
            [
              73.8803315,
              23.7446643
            ],
            [
              73.8799667,
              23.7443991
            ],
            [
              73.8796234,
              23.7441831
            ],
            [
              73.8792372,
              23.7438688
            ],
            [
              73.8786363,
              23.7438296
            ],
            [
              73.8781428,
              23.744026
            ],
            [
              73.8779819,
              23.7445366
            ],
            [
              73.8770807,
              23.7440751
            ],
            [
              73.8764906,
              23.7433287
            ],
            [
              73.8762067,
              23.7424565
            ],
            [
              73.8761519,
              23.7422722
            ],
            [
              73.87618,
              23.7421965
            ],
            [
              73.8762796,
              23.7421813
            ],
            [
              73.8763401,
              23.7422522
            ],
            [
              73.8763827,
              23.7423265
            ],
            [
              73.8767803,
              23.7429653
            ],
            [
              73.8769412,
              23.7430243
            ],
            [
              73.8769197,
              23.7425627
            ],
            [
              73.8767481,
              23.7417279
            ],
            [
              73.8762331,
              23.741119
            ]
          ]
        ]
      },
      "properties": {
        "osm_id": "way/551019669",
        "name": null,
        "zone_type": "forest",
        "source": "osm"
      }
    },
    {
      "type": "Feature",
      "geometry": {
        "type": "Polygon",
        "coordinates": [
          [
            [
              73.4417838,
              20.9867948
            ],
            [
              73.440711,
              20.9860134
            ],
            [
              73.4400887,
              20.9853924
            ],
            [
              73.4393377,
              20.9851319
            ],
            [
              73.4379215,
              20.9855126
            ],
            [
              73.4369344,
              20.9859733
            ],
            [
              73.4360761,
              20.9864141
            ],
            [
              73.4355611,
              20.9866946
            ],
            [
              73.433351,
              20.9870352
            ],
            [
              73.4321923,
              20.9902005
            ],
            [
              73.4314842,
              20.9909618
            ],
            [
              73.4307975,
              20.992244
            ],
            [
              73.4302182,
              20.9931455
            ],
            [
              73.4303469,
              20.9959501
            ],
            [
              73.4283299,
              20.9961304
            ],
            [
              73.4274501,
              20.99585
            ],
            [
              73.4276003,
              20.9947481
            ],
            [
              73.4275145,
              20.9939468
            ],
            [
              73.4263129,
              20.9939067
            ],
            [
              73.4252185,
              20.9930653
            ],
            [
              73.4233946,
              20.9904409
            ],
            [
              73.4230513,
              20.9891588
            ],
            [
              73.4218711,
              20.9865543
            ],
            [
              73.4212489,
              20.9856528
            ],
            [
              73.4192962,
              20.9864341
            ],
            [
              73.4175796,
              20.9876362
            ],
            [
              73.4168305,
              20.9927575
            ],
            [
              73.4184391,
              20.994162
            ],
            [
              73.4166965,
              20.9957889
            ],
            [
              73.4167626,
              20.9969553
            ],
            [
              73.4149344,
              20.9967158
            ],
            [
              73.4148066,
              20.9952834
            ],
            [
              73.4161064,
              20.9941892
            ],
            [
              73.4160212,
              20.9936122
            ],
            [
              73.4159146,
              20.9923787
            ],
            [
              73.4159786,
              20.9905086
            ],
            [
              73.4156163,
              20.9882803
            ],
            [
              73.415872,
              20.9871064
            ],
            [
              73.4142951,
              20.9873253
            ],
            [
              73.4130379,
              20.9878625
            ],
            [
              73.4117593,
              20.9886782
            ],
            [
              73.4112053,
              20.9887777
            ],
            [
              73.4123133,
              20.9860122
            ],
            [
              73.4127182,
              20.9855148
            ],
            [
              73.4124625,
              20.9830277
            ],
            [
              73.4121855,
              20.9823711
            ],
            [
              73.4121642,
              20.981814
            ],
            [
              73.4152327,
              20.9803019
            ],
            [
              73.4143164,
              20.9794662
            ],
            [
              73.4136558,
              20.9787897
            ],
            [
              73.4128887,
              20.9780934
            ],
            [
              73.4121216,
              20.9771383
            ],
            [
              73.4137837,
              20.9745914
            ],
            [
              73.4148918,
              20.9744721
            ],
            [
              73.4128282,
              20.9730193
            ],
            [
              73.4121017,
              20.9720815
            ],
            [
              73.4120162,
              20.9712834
            ],
            [
              73.4118437,
              20.9692544
            ],
            [
              73.4111615,
              20.96845
            ],
            [
              73.412294,
              20.9669136
            ],
            [
              73.4120376,
              20.9662551
            ],
            [
              73.4121871,
              20.9656964
            ],
            [
              73.4127855,
              20.9647586
            ],
            [
              73.4131274,
              20.9640402
            ],
            [
              73.4142599,
              20.9643595
            ],
            [
              73.4140462,
              20.9655966
            ],
            [
              73.4142385,
              20.9663549
            ],
            [
              73.4150292,
              20.9665943
            ],
            [
              73.4158198,
              20.9648982
            ],
            [
              73.4175507,
              20.9652574
            ],
            [
              73.4172301,
              20.9661553
            ],
            [
              73.4191106,
              20.9656166
            ],
            [
              73.4201576,
              20.9657164
            ],
            [
              73.4210551,
              20.965876
            ],
            [
              73.4237228,
              20.9651776
            ],
            [
              73.427081,
              20.9644393
            ],
            [
              73.4321368,
              20.9625836
            ],
            [
              73.4329296,
              20.9646189
            ],
            [
              73.4333901,
              20.9646189
            ],
            [
              73.4333378,
              20.9629427
            ],
            [
              73.4356499,
              20.9629427
            ],
            [
              73.4350626,
              20.9644094
            ],
            [
              73.4346462,
              20.966295
            ],
            [
              73.4358299,
              20.9689289
            ],
            [
              73.437869,
              20.9675895
            ],
            [
              73.4392518,
              20.9663212
            ],
            [
              73.4389919,
              20.9642521
            ],
            [
              73.4407851,
              20.9632574
            ],
            [
              73.4423647,
              20.9659343
            ],
            [
              73.4413748,
              20.9675826
            ],
            [
              73.4396943,
              20.9690835
            ],
            [
              73.4397979,
              20.9710739
            ],
            [
              73.4412443,
              20.9723808
            ],
            [
              73.4417838,
              20.9867948
            ]
          ]
        ]
      },
      "properties": {
        "osm_id": "way/1018785731",
        "name": null,
        "zone_type": "forest",
        "source": "osm"
      }
    },
    {
      "type": "Feature",
      "geometry": {
        "type": "Polygon",
        "coordinates": [
          [
            [
              74.0778607,
              21.9536605
            ],
            [
              74.0768194,
              21.9528774
            ],
            [
              74.076004,
              21.9525192
            ],
            [
              74.0751028,
              21.9522405
            ],
            [
              74.0723991,
              21.9519619
            ],
            [
              74.0716695,
              21.9515241
            ],
            [
              74.0708541,
              21.9500911
            ],
            [
              74.0697383,
              21.9487776
            ],
            [
              74.0681505,
              21.9480213
            ],
            [
              74.0672493,
              21.9482203
            ],
            [
              74.0665197,
              21.9486582
            ],
            [
              74.0656185,
              21.9486184
            ],
            [
              74.062314,
              21.9474242
            ],
            [
              74.0609836,
              21.9478223
            ],
            [
              74.0602541,
              21.9483397
            ],
            [
              74.0593528,
              21.9485387
            ],
            [
              74.0596962,
              21.949295
            ],
            [
              74.0603399,
              21.9498523
            ],
            [
              74.0606832,
              21.9514843
            ],
            [
              74.0603399,
              21.9518027
            ],
            [
              74.0594816,
              21.9519619
            ],
            [
              74.059782,
              21.9527182
            ],
            [
              74.0614557,
              21.9531162
            ],
            [
              74.062314,
              21.9530764
            ],
            [
              74.0630436,
              21.9524794
            ],
            [
              74.0641164,
              21.9512056
            ],
            [
              74.0649747,
              21.9510464
            ],
            [
              74.0657901,
              21.9513649
            ],
            [
              74.0657901,
              21.9521609
            ],
            [
              74.0636015,
              21.9538327
            ],
            [
              74.0624427,
              21.9551064
            ],
            [
              74.0606403,
              21.9554646
            ],
            [
              74.0588808,
              21.9555442
            ],
            [
              74.0564775,
              21.9544695
            ],
            [
              74.0559625,
              21.9537531
            ],
            [
              74.0559625,
              21.9522007
            ],
            [
              74.0564346,
              21.9515241
            ],
            [
              74.0571641,
              21.9510464
            ],
            [
              74.0579795,
              21.9496533
            ],
            [
              74.0581083,
              21.9488572
            ],
            [
              74.0576791,
              21.9481407
            ],
            [
              74.0568637,
              21.9478223
            ],
            [
              74.0559625,
              21.9479815
            ],
            [
              74.0536022,
              21.9492154
            ],
            [
              74.051671,
              21.9520017
            ],
            [
              74.0504264,
              21.9532356
            ],
            [
              74.048624,
              21.9541909
            ],
            [
              74.0482807,
              21.9549472
            ],
            [
              74.0479803,
              21.9566189
            ],
            [
              74.0457058,
              21.9580518
            ],
            [
              74.0448904,
              21.9583702
            ],
            [
              74.0439033,
              21.9593653
            ],
            [
              74.0439033,
              21.9602011
            ],
            [
              74.0422725,
              21.9609175
            ],
            [
              74.0410709,
              21.9617533
            ],
            [
              74.040513,
              21.9634648
            ],
            [
              74.0389251,
              21.9643404
            ],
            [
              74.0380239,
              21.9644598
            ],
            [
              74.0363073,
              21.9639822
            ],
            [
              74.0358352,
              21.9629872
            ],
            [
              74.0360498,
              21.9621912
            ],
            [
              74.0366077,
              21.9615941
            ],
            [
              74.0381097,
              21.9608379
            ],
            [
              74.0387535,
              21.9602807
            ],
            [
              74.0390968,
              21.9595643
            ],
            [
              74.0396547,
              21.9589274
            ],
            [
              74.0400838,
              21.958211
            ],
            [
              74.0400838,
              21.9556238
            ],
            [
              74.0438175,
              21.9555044
            ],
            [
              74.0451908,
              21.954589
            ],
            [
              74.0456628,
              21.9539123
            ],
            [
              74.0458774,
              21.9531162
            ],
            [
              74.0483236,
              21.9519619
            ],
            [
              74.0502548,
              21.9501309
            ],
            [
              74.0512847,
              21.9487378
            ],
            [
              74.0515852,
              21.9479815
            ],
            [
              74.0515422,
              21.9463893
            ],
            [
              74.0521431,
              21.9457922
            ],
            [
              74.0529584,
              21.9455135
            ],
            [
              74.0530014,
              21.9442796
            ],
            [
              74.0524005,
              21.9436825
            ],
            [
              74.0520572,
              21.9429262
            ],
            [
              74.0524005,
              21.9420902
            ],
            [
              74.0533876,
              21.9407766
            ],
            [
              74.0529584,
              21.9400203
            ],
            [
              74.0520572,
              21.939861
            ],
            [
              74.0511989,
              21.9402591
            ],
            [
              74.0497827,
              21.9413339
            ],
            [
              74.048109,
              21.9420106
            ],
            [
              74.0472936,
              21.9416922
            ],
            [
              74.0472507,
              21.9408562
            ],
            [
              74.0478086,
              21.9401795
            ],
            [
              74.0478086,
              21.9393833
            ],
            [
              74.0468645,
              21.9393833
            ],
            [
              74.0460062,
              21.9396222
            ],
            [
              74.0451049,
              21.9410552
            ],
            [
              74.0444183,
              21.9415727
            ],
            [
              74.04356,
              21.9417718
            ],
            [
              74.0427446,
              21.9414931
            ],
            [
              74.0423154,
              21.9407766
            ],
            [
              74.0421438,
              21.9391445
            ],
            [
              74.0414142,
              21.938627
            ],
            [
              74.0412426,
              21.9378308
            ],
            [
              74.0418005,
              21.9371939
            ],
            [
              74.0416717,
              21.9363978
            ],
            [
              74.0409421,
              21.9359599
            ],
            [
              74.0400838,
              21.9358802
            ],
            [
              74.0385389,
              21.9352035
            ],
            [
              74.0360927,
              21.9355618
            ],
            [
              74.0354919,
              21.9349646
            ],
            [
              74.0346336,
              21.9347258
            ],
            [
              74.0341186,
              21.9354424
            ],
            [
              74.0339899,
              21.9362783
            ],
            [
              74.0346336,
              21.9368356
            ],
            [
              74.035449,
              21.9371143
            ],
            [
              74.0361356,
              21.9404183
            ],
            [
              74.036479,
              21.9411747
            ],
            [
              74.0360498,
              21.942966
            ],
            [
              74.0361356,
              21.9441203
            ],
            [
              74.0358781,
              21.9457126
            ],
            [
              74.0371656,
              21.9468669
            ],
            [
              74.037466,
              21.947663
            ],
            [
              74.0373802,
              21.9493746
            ],
            [
              74.0369081,
              21.9509668
            ],
            [
              74.0369939,
              21.95236
            ],
            [
              74.0362215,
              21.952957
            ],
            [
              74.0344619,
              21.952957
            ],
            [
              74.033904,
              21.9523202
            ],
            [
              74.0338611,
              21.9515241
            ],
            [
              74.0330886,
              21.9510464
            ],
            [
              74.0313291,
              21.9506086
            ],
            [
              74.0318012,
              21.9496135
            ],
            [
              74.0315866,
              21.9488174
            ],
            [
              74.0307712,
              21.9484193
            ],
            [
              74.0290546,
              21.9479019
            ],
            [
              74.0284967,
              21.9474242
            ],
            [
              74.028325,
              21.9457922
            ],
            [
              74.0278101,
              21.9451155
            ],
            [
              74.0269947,
              21.9447174
            ],
            [
              74.0260934,
              21.9446776
            ],
            [
              74.0257072,
              21.9454339
            ],
            [
              74.0256643,
              21.94623
            ],
            [
              74.0262222,
              21.9477825
            ],
            [
              74.0273809,
              21.9490164
            ],
            [
              74.0275526,
              21.9498125
            ],
            [
              74.0270376,
              21.950529
            ],
            [
              74.0253639,
              21.9510464
            ],
            [
              74.0221452,
              21.9495737
            ],
            [
              74.021244,
              21.9495339
            ],
            [
              74.019742,
              21.95033
            ],
            [
              74.0184974,
              21.9514047
            ],
            [
              74.0173387,
              21.9511658
            ],
            [
              74.016695,
              21.9495339
            ],
            [
              74.0172529,
              21.9488174
            ],
            [
              74.0199565,
              21.9466679
            ],
            [
              74.0223169,
              21.9438815
            ],
            [
              74.0229606,
              21.9433242
            ],
            [
              74.023776,
              21.9430058
            ],
            [
              74.0244627,
              21.9424883
            ],
            [
              74.024806,
              21.9417718
            ],
            [
              74.0240764,
              21.9412543
            ],
            [
              74.023261,
              21.9409358
            ],
            [
              74.0218877,
              21.9399008
            ],
            [
              74.0218448,
              21.9390649
            ],
            [
              74.0231752,
              21.9379503
            ],
            [
              74.0235185,
              21.9371939
            ],
            [
              74.0226173,
              21.9358404
            ],
            [
              74.0226602,
              21.9342083
            ],
            [
              74.0229606,
              21.9334121
            ],
            [
              74.0229606,
              21.9309041
            ],
            [
              74.0221023,
              21.9308245
            ],
            [
              74.0212869,
              21.9311032
            ],
            [
              74.0203857,
              21.9308245
            ],
            [
              74.0201711,
              21.9300283
            ],
            [
              74.0215444,
              21.9266046
            ],
            [
              74.0223169,
              21.9262463
            ],
            [
              74.0226173,
              21.9254899
            ],
            [
              74.0232181,
              21.9248927
            ],
            [
              74.0248918,
              21.9243353
            ],
            [
              74.0260934,
              21.923141
            ],
            [
              74.0269947,
              21.9207921
            ],
            [
              74.0269517,
              21.9191597
            ],
            [
              74.0259218,
              21.9179653
            ],
            [
              74.0251064,
              21.9182839
            ],
            [
              74.0244197,
              21.9207523
            ],
            [
              74.0219736,
              21.92123
            ],
            [
              74.020257,
              21.923141
            ],
            [
              74.0181112,
              21.9224642
            ],
            [
              74.0177679,
              21.9216281
            ],
            [
              74.0178966,
              21.9200356
            ],
            [
              74.0164804,
              21.9190403
            ],
            [
              74.0155792,
              21.9190403
            ],
            [
              74.0147209,
              21.9192792
            ],
            [
              74.011631,
              21.9209911
            ],
            [
              74.0108156,
              21.9212698
            ],
            [
              74.0096998,
              21.9199958
            ],
            [
              74.0091419,
              21.9206726
            ],
            [
              74.0088844,
              21.9215087
            ],
            [
              74.0087127,
              21.923141
            ],
            [
              74.0081548,
              21.9252908
            ],
            [
              74.0081548,
              21.9269231
            ],
            [
              74.0078115,
              21.9276795
            ],
            [
              74.0071678,
              21.9283165
            ],
            [
              74.0063095,
              21.9286349
            ],
            [
              74.0054082,
              21.928834
            ],
            [
              74.0036058,
              21.9286747
            ],
            [
              74.0027475,
              21.928834
            ],
            [
              74.0019321,
              21.9302672
            ],
            [
              74.0010309,
              21.9304264
            ],
            [
              74.0001726,
              21.9300681
            ],
            [
              73.998928,
              21.9283961
            ],
            [
              73.9987993,
              21.9268435
            ],
            [
              74.000988,
              21.9261269
            ],
            [
              74.0008163,
              21.9255297
            ],
            [
              73.998456,
              21.9260472
            ],
            [
              73.9972543,
              21.9264852
            ],
            [
              73.9947652,
              21.9253704
            ],
            [
              73.9938211,
              21.9253704
            ],
            [
              73.9931345,
              21.9259278
            ],
            [
              73.9926624,
              21.9266842
            ],
            [
              73.9924478,
              21.9283165
            ],
            [
              73.9935207,
              21.9296302
            ],
            [
              73.9936924,
              21.9305856
            ],
            [
              73.9936065,
              21.9313818
            ],
            [
              73.9918041,
              21.9334121
            ],
            [
              73.9917612,
              21.9342083
            ],
            [
              73.9901733,
              21.9348452
            ],
            [
              73.9897871,
              21.9356016
            ],
            [
              73.9901304,
              21.9363579
            ],
            [
              73.9921474,
              21.9379105
            ],
            [
              73.9927482,
              21.9385474
            ],
            [
              73.9932632,
              21.9392639
            ],
            [
              73.9938211,
              21.9409756
            ],
            [
              73.9945936,
              21.9424485
            ],
            [
              73.9951944,
              21.9430854
            ],
            [
              73.9960098,
              21.9432048
            ],
            [
              73.9977264,
              21.942966
            ],
            [
              73.9986276,
              21.9430058
            ],
            [
              73.9993143,
              21.9434436
            ],
            [
              74.0009021,
              21.9453543
            ],
            [
              74.0034771,
              21.9478621
            ],
            [
              74.0048933,
              21.948897
            ],
            [
              74.0054512,
              21.9496135
            ],
            [
              74.0055799,
              21.9504096
            ],
            [
              74.0052795,
              21.9511658
            ],
            [
              74.0030479,
              21.953156
            ],
            [
              74.0026187,
              21.9538725
            ],
            [
              74.0024471,
              21.9547482
            ],
            [
              74.0026617,
              21.9564995
            ],
            [
              74.0025758,
              21.9573353
            ],
            [
              74.001975,
              21.9588876
            ],
            [
              74.0015029,
              21.9595643
            ],
            [
              73.9995288,
              21.9587284
            ],
            [
              73.9968252,
              21.9552656
            ],
            [
              73.9966106,
              21.9544297
            ],
            [
              73.9968681,
              21.9536337
            ],
            [
              73.9980697,
              21.9523998
            ],
            [
              73.998456,
              21.9516833
            ],
            [
              73.9979839,
              21.9508872
            ],
            [
              73.9962244,
              21.9499717
            ],
            [
              73.9945077,
              21.9493348
            ],
            [
              73.9908599,
              21.9490562
            ],
            [
              73.9900016,
              21.9487378
            ],
            [
              73.9892721,
              21.9482601
            ],
            [
              73.9887571,
              21.9475436
            ],
            [
              73.9881134,
              21.9460708
            ],
            [
              73.9875555,
              21.9454339
            ],
            [
              73.9867401,
              21.9450757
            ],
            [
              73.9859247,
              21.9453543
            ],
            [
              73.9855814,
              21.9469465
            ],
            [
              73.9849376,
              21.9475834
            ],
            [
              73.9848518,
              21.9483795
            ],
            [
              73.9833927,
              21.9504096
            ],
            [
              73.9837789,
              21.9511658
            ],
            [
              73.9846372,
              21.9516435
            ],
            [
              73.9863967,
              21.9521609
            ],
            [
              73.9909458,
              21.95236
            ],
            [
              73.9926624,
              21.9529172
            ],
            [
              73.9933919,
              21.9533949
            ],
            [
              73.9937782,
              21.9541909
            ],
            [
              73.9946365,
              21.9575742
            ],
            [
              73.9931774,
              21.9585294
            ],
            [
              73.9907741,
              21.9578926
            ],
            [
              73.9879846,
              21.9579722
            ],
            [
              73.9879417,
              21.9587682
            ],
            [
              73.9884996,
              21.9594051
            ],
            [
              73.9892292,
              21.9598429
            ],
            [
              73.9927053,
              21.9601613
            ],
            [
              73.9934349,
              21.9606389
            ],
            [
              73.9927911,
              21.9612359
            ],
            [
              73.9919328,
              21.9615145
            ],
            [
              73.9892721,
              21.9617931
            ],
            [
              73.9891433,
              21.9625892
            ],
            [
              73.9887571,
              21.9633454
            ],
            [
              73.9866113,
              21.9638628
            ],
            [
              73.9848947,
              21.9635046
            ],
            [
              73.9839935,
              21.9637434
            ],
            [
              73.9825773,
              21.9647384
            ],
            [
              73.9803457,
              21.9660518
            ],
            [
              73.9789724,
              21.9671662
            ],
            [
              73.9787578,
              21.9679622
            ],
            [
              73.9788007,
              21.9688378
            ],
            [
              73.9800024,
              21.9709869
            ],
            [
              73.9798736,
              21.9717829
            ],
            [
              73.9791011,
              21.9727778
            ],
            [
              73.9775991,
              21.973733
            ],
            [
              73.9770841,
              21.9744095
            ],
            [
              73.977127,
              21.9752055
            ],
            [
              73.9778995,
              21.9756035
            ],
            [
              73.9805173,
              21.97628
            ],
            [
              73.9823198,
              21.97628
            ],
            [
              73.9839506,
              21.9759616
            ],
            [
              73.9846372,
              21.9754443
            ],
            [
              73.9854097,
              21.9738922
            ],
            [
              73.9859676,
              21.9732156
            ],
            [
              73.9891433,
              21.9720615
            ],
            [
              73.9916753,
              21.9719819
            ],
            [
              73.9924049,
              21.9724196
            ],
            [
              73.9932632,
              21.9724992
            ],
            [
              73.9940357,
              21.9728574
            ],
            [
              73.9943361,
              21.9736136
            ],
            [
              73.9920187,
              21.9750861
            ],
            [
              73.9912033,
              21.9754045
            ],
            [
              73.9894867,
              21.975882
            ],
            [
              73.9876413,
              21.9761606
            ],
            [
              73.9865684,
              21.9775137
            ],
            [
              73.9860963,
              21.9788668
            ],
            [
              73.9824915,
              21.9797423
            ],
            [
              73.9816761,
              21.9801005
            ],
            [
              73.9809465,
              21.9806178
            ],
            [
              73.9803457,
              21.9812546
            ],
            [
              73.9807319,
              21.9820107
            ],
            [
              73.982234,
              21.9828862
            ],
            [
              73.9873838,
              21.9832443
            ],
            [
              73.9897871,
              21.982329
            ],
            [
              73.992362,
              21.9821301
            ],
            [
              73.9930915,
              21.9817321
            ],
            [
              73.9946365,
              21.9797423
            ],
            [
              73.9955806,
              21.9795433
            ],
            [
              73.9972972,
              21.9801801
            ],
            [
              73.9987993,
              21.9810158
            ],
            [
              74.0006017,
              21.9810158
            ],
            [
              74.0013742,
              21.9806178
            ],
            [
              74.0028333,
              21.9797821
            ],
            [
              74.0031337,
              21.979026
            ],
            [
              74.0012455,
              21.9772351
            ],
            [
              74.0007734,
              21.9765188
            ],
            [
              74.0012884,
              21.9758024
            ],
            [
              74.0021467,
              21.9757626
            ],
            [
              74.0025329,
              21.9750463
            ],
            [
              74.0018463,
              21.9744891
            ],
            [
              74.0018892,
              21.973733
            ],
            [
              74.0059661,
              21.9736932
            ],
            [
              74.0064811,
              21.9730564
            ],
            [
              74.0066099,
              21.9722605
            ],
            [
              74.0052366,
              21.9702307
            ],
            [
              74.005022,
              21.9694348
            ],
            [
              74.0052366,
              21.9687582
            ],
            [
              74.0059232,
              21.968201
            ],
            [
              74.0067815,
              21.9681612
            ],
            [
              74.0073823,
              21.9687582
            ],
            [
              74.0078115,
              21.9703501
            ],
            [
              74.0091419,
              21.9714645
            ],
            [
              74.010086,
              21.9738922
            ],
            [
              74.0109872,
              21.9738922
            ],
            [
              74.0142917,
              21.9718625
            ],
            [
              74.0178537,
              21.9692358
            ],
            [
              74.0186691,
              21.9689572
            ],
            [
              74.0212011,
              21.9684796
            ],
            [
              74.0256214,
              21.9685592
            ],
            [
              74.0263509,
              21.9680418
            ],
            [
              74.026823,
              21.9673652
            ],
            [
              74.0264797,
              21.966609
            ],
            [
              74.0203857,
              21.9652956
            ],
            [
              74.0187978,
              21.964619
            ],
            [
              74.018197,
              21.964022
            ],
            [
              74.0184545,
              21.9633056
            ],
            [
              74.0208149,
              21.9621115
            ],
            [
              74.0211582,
              21.9613951
            ],
            [
              74.0202999,
              21.9608379
            ],
            [
              74.0193986,
              21.9606389
            ],
            [
              74.0149784,
              21.9604399
            ],
            [
              74.0143346,
              21.9598429
            ],
            [
              74.0143346,
              21.959007
            ],
            [
              74.0147638,
              21.9582508
            ],
            [
              74.0149355,
              21.9566189
            ],
            [
              74.0153217,
              21.9559025
            ],
            [
              74.0160083,
              21.9553452
            ],
            [
              74.0169525,
              21.9552656
            ],
            [
              74.0191412,
              21.9557034
            ],
            [
              74.0206861,
              21.9563801
            ],
            [
              74.0213728,
              21.9568975
            ],
            [
              74.0222311,
              21.9571363
            ],
            [
              74.0249347,
              21.9572557
            ],
            [
              74.0263509,
              21.9580916
            ],
            [
              74.0267372,
              21.958808
            ],
            [
              74.0244197,
              21.9604399
            ],
            [
              74.0244627,
              21.9612359
            ],
            [
              74.0251064,
              21.9618329
            ],
            [
              74.0266513,
              21.9625494
            ],
            [
              74.0273809,
              21.963027
            ],
            [
              74.0284538,
              21.9643802
            ],
            [
              74.0294838,
              21.9650966
            ],
            [
              74.0295267,
              21.9677234
            ],
            [
              74.02987,
              21.9684796
            ],
            [
              74.0311145,
              21.9696735
            ],
            [
              74.0363502,
              21.9701113
            ],
            [
              74.0375089,
              21.9712655
            ],
            [
              74.0375518,
              21.9720615
            ],
            [
              74.0368223,
              21.9726186
            ],
            [
              74.0365219,
              21.9733748
            ],
            [
              74.0375089,
              21.9744095
            ],
            [
              74.0456199,
              21.9746881
            ],
            [
              74.0480661,
              21.9736136
            ],
            [
              74.0494394,
              21.972738
            ],
            [
              74.0505981,
              21.9715441
            ],
            [
              74.0515422,
              21.9701909
            ],
            [
              74.0523147,
              21.9699123
            ],
            [
              74.053173,
              21.9702307
            ],
            [
              74.0544605,
              21.9715839
            ],
            [
              74.0542459,
              21.9723798
            ],
            [
              74.0528726,
              21.9735738
            ],
            [
              74.0525293,
              21.9743299
            ],
            [
              74.0529155,
              21.9750861
            ],
            [
              74.0543317,
              21.9759616
            ],
            [
              74.0545892,
              21.9767178
            ],
            [
              74.0545892,
              21.9775933
            ],
            [
              74.052701,
              21.9804984
            ],
            [
              74.0526151,
              21.9813341
            ],
            [
              74.0530872,
              21.9839208
            ],
            [
              74.0530872,
              21.9847167
            ],
            [
              74.0499115,
              21.9864677
            ],
            [
              74.0484952,
              21.9900093
            ],
            [
              74.0480232,
              21.9907256
            ],
            [
              74.0476369,
              21.9923173
            ],
            [
              74.0477228,
              21.9931132
            ],
            [
              74.0484094,
              21.9946651
            ],
            [
              74.0498663,
              21.9966102
            ],
            [
              74.0513921,
              21.9962169
            ],
            [
              74.0518426,
              21.9953415
            ],
            [
              74.0518856,
              21.9941478
            ],
            [
              74.0508985,
              21.9914817
            ],
            [
              74.0517568,
              21.9900093
            ],
            [
              74.0533876,
              21.9887757
            ],
            [
              74.0541601,
              21.9870248
            ],
            [
              74.0553617,
              21.9840004
            ],
            [
              74.0569067,
              21.9836821
            ],
            [
              74.0584087,
              21.9820505
            ],
            [
              74.0588808,
              21.9799811
            ],
            [
              74.060769,
              21.9798617
            ],
            [
              74.0634298,
              21.9772351
            ],
            [
              74.0667343,
              21.9769964
            ],
            [
              74.0681076,
              21.9795035
            ],
            [
              74.0695452,
              21.9802397
            ],
            [
              74.0739226,
              21.9803989
            ],
            [
              74.0741157,
              21.9812943
            ],
            [
              74.0728283,
              21.9828862
            ],
            [
              74.0722704,
              21.9842591
            ],
            [
              74.0716481,
              21.9860697
            ],
            [
              74.0727639,
              21.9875023
            ],
            [
              74.0744805,
              21.9875023
            ],
            [
              74.0761113,
              21.9860299
            ],
            [
              74.0776562,
              21.9852539
            ],
            [
              74.0778279,
              21.9836423
            ],
            [
              74.0781069,
              21.9823489
            ],
            [
              74.079802,
              21.9813938
            ],
            [
              74.0799522,
              21.98018
            ],
            [
              74.0796518,
              21.9785683
            ],
            [
              74.0772056,
              21.9783892
            ],
            [
              74.0770769,
              21.9776928
            ],
            [
              74.0799093,
              21.9767377
            ],
            [
              74.0819478,
              21.9764989
            ],
            [
              74.083128,
              21.974509
            ],
            [
              74.0830636,
              21.9730962
            ],
            [
              74.0831923,
              21.9719221
            ],
            [
              74.0805745,
              21.9673652
            ],
            [
              74.0789223,
              21.9662906
            ],
            [
              74.0769481,
              21.9659921
            ],
            [
              74.0755749,
              21.9657931
            ],
            [
              74.0728283,
              21.9657931
            ],
            [
              74.0698671,
              21.9662508
            ],
            [
              74.0688586,
              21.9672657
            ],
            [
              74.0661335,
              21.9672856
            ],
            [
              74.0623998,
              21.9675841
            ],
            [
              74.0605974,
              21.9677632
            ],
            [
              74.0589022,
              21.9683602
            ],
            [
              74.0574217,
              21.9684597
            ],
            [
              74.0572071,
              21.9675841
            ],
            [
              74.0579152,
              21.9667284
            ],
            [
              74.0601897,
              21.9659125
            ],
            [
              74.0604687,
              21.9652558
            ],
            [
              74.0604257,
              21.9647185
            ],
            [
              74.060533,
              21.9637434
            ],
            [
              74.0622496,
              21.9622508
            ],
            [
              74.0646314,
              21.9613354
            ],
            [
              74.0673566,
              21.9605792
            ],
            [
              74.0694165,
              21.9611961
            ],
            [
              74.07197,
              21.9614349
            ],
            [
              74.0738582,
              21.9610966
            ],
            [
              74.0763902,
              21.9597831
            ],
            [
              74.0768623,
              21.9587284
            ],
            [
              74.0770554,
              21.956997
            ],
            [
              74.0756392,
              21.9560616
            ],
            [
              74.0757251,
              21.9548477
            ],
            [
              74.0767336,
              21.9539919
            ],
            [
              74.0778607,
              21.9536605
            ]
          ]
        ]
      },
      "properties": {
        "osm_id": "way/1277896071",
        "name": null,
        "zone_type": "forest",
        "source": "osm"
      }
    },
    {
      "type": "Feature",
      "geometry": {
        "type": "Polygon",
        "coordinates": [
          [
            [
              73.8148212,
              21.9080117
            ],
            [
              73.8113021,
              21.9113562
            ],
            [
              73.8124179,
              21.9154173
            ],
            [
              73.8217734,
              21.9197968
            ],
            [
              73.8282966,
              21.924415
            ],
            [
              73.835678,
              21.9293516
            ],
            [
              73.8406562,
              21.9326956
            ],
            [
              73.8457202,
              21.9339695
            ],
            [
              73.8522433,
              21.9382688
            ],
            [
              73.8552475,
              21.9404979
            ],
            [
              73.8570499,
              21.9400999
            ],
            [
              73.8563203,
              21.9377114
            ],
            [
              73.854947,
              21.9356414
            ],
            [
              73.8509559,
              21.9308643
            ],
            [
              73.8502264,
              21.9289136
            ],
            [
              73.8464498,
              21.9285155
            ],
            [
              73.8445186,
              21.9262463
            ],
            [
              73.8455486,
              21.9230216
            ],
            [
              73.843317,
              21.9197171
            ],
            [
              73.8403129,
              21.9159747
            ],
            [
              73.8393688,
              21.9134664
            ],
            [
              73.8376092,
              21.9117543
            ],
            [
              73.833189,
              21.9108386
            ],
            [
              73.8299703,
              21.9103608
            ],
            [
              73.8274383,
              21.9078126
            ],
            [
              73.825593,
              21.9080913
            ],
            [
              73.8267946,
              21.9104006
            ],
            [
              73.8322448,
              21.9126303
            ],
            [
              73.8349485,
              21.9133867
            ],
            [
              73.8360643,
              21.9157756
            ],
            [
              73.8322019,
              21.9157358
            ],
            [
              73.8281679,
              21.9125904
            ],
            [
              73.8245201,
              21.9111173
            ],
            [
              73.8216447,
              21.9092459
            ],
            [
              73.8173103,
              21.9080117
            ],
            [
              73.8148212,
              21.9080117
            ]
          ]
        ]
      },
      "properties": {
        "osm_id": "way/1277896104",
        "name": null,
        "zone_type": "forest",
        "source": "osm"
      }
    },
    {
      "type": "Feature",
      "geometry": {
        "type": "Polygon",
        "coordinates": [
          [
            [
              73.7360715,
              21.8791818
            ],
            [
              73.7356424,
              21.878465
            ],
            [
              73.7349987,
              21.8778676
            ],
            [
              73.732295,
              21.8773499
            ],
            [
              73.7320375,
              21.8765136
            ],
            [
              73.7322092,
              21.8741639
            ],
            [
              73.73178,
              21.873447
            ],
            [
              73.7310934,
              21.8729293
            ],
            [
              73.7283897,
              21.8728895
            ],
            [
              73.7275314,
              21.872531
            ],
            [
              73.7261152,
              21.8715354
            ],
            [
              73.7259435,
              21.8701016
            ],
            [
              73.726201,
              21.8692652
            ],
            [
              73.7270593,
              21.8678315
            ],
            [
              73.7295484,
              21.8672341
            ],
            [
              73.7331104,
              21.8673137
            ],
            [
              73.7339258,
              21.8671146
            ],
            [
              73.7374019,
              21.8653223
            ],
            [
              73.7380456,
              21.8669154
            ],
            [
              73.7396335,
              21.867712
            ],
            [
              73.7404918,
              21.8676323
            ],
            [
              73.7420368,
              21.8669154
            ],
            [
              73.7443113,
              21.8683891
            ],
            [
              73.745985,
              21.8691458
            ],
            [
              73.7512207,
              21.8693051
            ],
            [
              73.7537956,
              21.8702609
            ],
            [
              73.7552118,
              21.8713761
            ],
            [
              73.7563705,
              21.8726505
            ],
            [
              73.7579584,
              21.873447
            ],
            [
              73.7609195,
              21.8744028
            ],
            [
              73.7636232,
              21.8748011
            ],
            [
              73.7667989,
              21.8776287
            ],
            [
              73.7686872,
              21.8780667
            ],
            [
              73.7712192,
              21.878226
            ],
            [
              73.7728071,
              21.8790225
            ],
            [
              73.7755537,
              21.8810137
            ],
            [
              73.7773132,
              21.881412
            ],
            [
              73.7825489,
              21.8840403
            ],
            [
              73.7872266,
              21.8841598
            ],
            [
              73.7879991,
              21.8845182
            ],
            [
              73.7926769,
              21.8880624
            ],
            [
              73.7919902,
              21.889695
            ],
            [
              73.7922906,
              21.8904516
            ],
            [
              73.7946939,
              21.8913277
            ],
            [
              73.7964105,
              21.8923232
            ],
            [
              73.7970542,
              21.8929205
            ],
            [
              73.7983417,
              21.8951106
            ],
            [
              73.7977409,
              21.8958672
            ],
            [
              73.7974834,
              21.8966636
            ],
            [
              73.7991571,
              21.8979378
            ],
            [
              73.8028049,
              21.8979378
            ],
            [
              73.8036632,
              21.8980971
            ],
            [
              73.8059377,
              21.8995306
            ],
            [
              73.8062381,
              21.9011233
            ],
            [
              73.8057231,
              21.90184
            ],
            [
              73.8036203,
              21.9035124
            ],
            [
              73.8021183,
              21.9044282
            ],
            [
              73.7995433,
              21.9053838
            ],
            [
              73.7986421,
              21.9055032
            ],
            [
              73.7937927,
              21.9042689
            ],
            [
              73.7904024,
              21.902716
            ],
            [
              73.7878274,
              21.9019595
            ],
            [
              73.7869262,
              21.9014418
            ],
            [
              73.7841796,
              21.8990129
            ],
            [
              73.7824201,
              21.8984554
            ],
            [
              73.780446,
              21.8984156
            ],
            [
              73.7786006,
              21.8986147
            ],
            [
              73.7770128,
              21.8977387
            ],
            [
              73.7721633,
              21.8942346
            ],
            [
              73.771348,
              21.8938762
            ],
            [
              73.7676572,
              21.8938762
            ],
            [
              73.7669277,
              21.8933984
            ],
            [
              73.7655544,
              21.8911684
            ],
            [
              73.7631082,
              21.8898543
            ],
            [
              73.7625932,
              21.8891375
            ],
            [
              73.7615633,
              21.8867881
            ],
            [
              73.7609624,
              21.8861907
            ],
            [
              73.75916,
              21.8858721
            ],
            [
              73.7582588,
              21.885912
            ],
            [
              73.7575292,
              21.8863898
            ],
            [
              73.756628,
              21.8863102
            ],
            [
              73.7468862,
              21.8820093
            ],
            [
              73.7434959,
              21.8810137
            ],
            [
              73.7431526,
              21.8818102
            ],
            [
              73.7434101,
              21.8825668
            ],
            [
              73.7451267,
              21.8844783
            ],
            [
              73.7458562,
              21.8859916
            ],
            [
              73.7457704,
              21.8867881
            ],
            [
              73.7485599,
              21.8889384
            ],
            [
              73.7537098,
              21.8914073
            ],
            [
              73.756628,
              21.8937567
            ],
            [
              73.7570142,
              21.8944735
            ],
            [
              73.7570571,
              21.8952699
            ],
            [
              73.7566709,
              21.8960265
            ],
            [
              73.755083,
              21.8968627
            ],
            [
              73.7519931,
              21.8969821
            ],
            [
              73.7455558,
              21.8959468
            ],
            [
              73.7434959,
              21.894593
            ],
            [
              73.7386035,
              21.8933187
            ],
            [
              73.7358999,
              21.8932391
            ],
            [
              73.7349987,
              21.8929603
            ],
            [
              73.7311792,
              21.8904516
            ],
            [
              73.7300634,
              21.8891375
            ],
            [
              73.7289476,
              21.8873854
            ],
            [
              73.7289905,
              21.8865889
            ],
            [
              73.7295484,
              21.8850359
            ],
            [
              73.7302351,
              21.8845182
            ],
            [
              73.730793,
              21.8839208
            ],
            [
              73.7315654,
              21.8835226
            ],
            [
              73.7323808,
              21.8832837
            ],
            [
              73.7359428,
              21.8833235
            ],
            [
              73.7366724,
              21.88185
            ],
            [
              73.7366724,
              21.8810536
            ],
            [
              73.7360715,
              21.8791818
            ]
          ]
        ]
      },
      "properties": {
        "osm_id": "way/1277896106",
        "name": null,
        "zone_type": "forest",
        "source": "osm"
      }
    },
    {
      "type": "Feature",
      "geometry": {
        "type": "Polygon",
        "coordinates": [
          [
            [
              73.8460207,
              21.8222218
            ],
            [
              73.8476085,
              21.8226999
            ],
            [
              73.8490247,
              21.823417
            ],
            [
              73.8501834,
              21.8244927
            ],
            [
              73.8508701,
              21.8258472
            ],
            [
              73.8511276,
              21.8272814
            ],
            [
              73.8510418,
              21.8287156
            ],
            [
              73.8538312,
              21.8303888
            ],
            [
              73.8583374,
              21.8338547
            ],
            [
              73.8612556,
              21.8346514
            ],
            [
              73.8640451,
              21.8356871
            ],
            [
              73.8652467,
              21.8365237
            ],
            [
              73.8622856,
              21.8365237
            ],
            [
              73.8592386,
              21.8371611
            ],
            [
              73.8576936,
              21.8372009
            ],
            [
              73.8564062,
              21.836444
            ],
            [
              73.8548183,
              21.8364839
            ],
            [
              73.8531875,
              21.8367229
            ],
            [
              73.8504839,
              21.8375196
            ],
            [
              73.848896,
              21.837679
            ],
            [
              73.8473939,
              21.8374001
            ],
            [
              73.8461065,
              21.8366034
            ],
            [
              73.8456344,
              21.8352091
            ],
            [
              73.8446474,
              21.8341734
            ],
            [
              73.8431882,
              21.833536
            ],
            [
              73.8429737,
              21.8310262
            ],
            [
              73.843317,
              21.8290343
            ],
            [
              73.8419437,
              21.8281977
            ],
            [
              73.8403558,
              21.8281579
            ],
            [
              73.8388967,
              21.8286359
            ],
            [
              73.8376092,
              21.8294327
            ],
            [
              73.8358497,
              21.8298311
            ],
            [
              73.835721,
              21.8313449
            ],
            [
              73.8360214,
              21.8328189
            ],
            [
              73.8379097,
              21.835488
            ],
            [
              73.837738,
              21.8369619
            ],
            [
              73.8364505,
              21.8377586
            ],
            [
              73.8349914,
              21.8371611
            ],
            [
              73.8334465,
              21.8370814
            ],
            [
              73.8305282,
              21.8362847
            ],
            [
              73.8294553,
              21.8352489
            ],
            [
              73.8273954,
              21.8348904
            ],
            [
              73.8258075,
              21.8348904
            ],
            [
              73.8243055,
              21.8352489
            ],
            [
              73.8218164,
              21.8352489
            ],
            [
              73.8217735,
              21.8366831
            ],
            [
              73.8201856,
              21.8367627
            ],
            [
              73.8176107,
              21.8350896
            ],
            [
              73.8161087,
              21.8347709
            ],
            [
              73.8150358,
              21.8340937
            ],
            [
              73.8161301,
              21.8331774
            ],
            [
              73.8168168,
              21.8334961
            ],
            [
              73.8167524,
              21.832779
            ],
            [
              73.8161301,
              21.8323408
            ],
            [
              73.816688,
              21.8318429
            ],
            [
              73.8174605,
              21.8318827
            ],
            [
              73.818233,
              21.8316835
            ],
            [
              73.8185978,
              21.8310262
            ],
            [
              73.8163447,
              21.8276001
            ],
            [
              73.8166237,
              21.8269428
            ],
            [
              73.8174176,
              21.8271619
            ],
            [
              73.8215589,
              21.8295124
            ],
            [
              73.822031,
              21.83009
            ],
            [
              73.8226318,
              21.8314445
            ],
            [
              73.823061,
              21.833038
            ],
            [
              73.8236403,
              21.833516
            ],
            [
              73.8243913,
              21.8337152
            ],
            [
              73.8258075,
              21.8330778
            ],
            [
              73.825829,
              21.8323608
            ],
            [
              73.8272023,
              21.8316038
            ],
            [
              73.8275456,
              21.8308071
            ],
            [
              73.8273954,
              21.8301099
            ],
            [
              73.8263654,
              21.8278392
            ],
            [
              73.8272452,
              21.8258273
            ],
            [
              73.8269019,
              21.8251899
            ],
            [
              73.8243699,
              21.8245126
            ],
            [
              73.8228893,
              21.8239349
            ],
            [
              73.8185119,
              21.8205286
            ],
            [
              73.8176751,
              21.8191939
            ],
            [
              73.8174391,
              21.8184768
            ],
            [
              73.8173103,
              21.8177397
            ],
            [
              73.8176751,
              21.8168433
            ],
            [
              73.8194346,
              21.8169628
            ],
            [
              73.8209796,
              21.8175804
            ],
            [
              73.8223099,
              21.8183772
            ],
            [
              73.8237691,
              21.8187557
            ],
            [
              73.8268804,
              21.8205884
            ],
            [
              73.8280391,
              21.8215047
            ],
            [
              73.830657,
              21.8230983
            ],
            [
              73.8320732,
              21.8237357
            ],
            [
              73.833661,
              21.8237357
            ],
            [
              73.8386392,
              21.8228991
            ],
            [
              73.8401842,
              21.8227796
            ],
            [
              73.8434887,
              21.8219429
            ],
            [
              73.8460207,
              21.8222218
            ]
          ]
        ]
      },
      "properties": {
        "osm_id": "way/1278736218",
        "name": null,
        "zone_type": "forest",
        "source": "osm"
      }
    },
    {
      "type": "Feature",
      "geometry": {
        "type": "Polygon",
        "coordinates": [
          [
            [
              74.1223596,
              21.8947545
            ],
            [
              74.1219663,
              21.895031
            ],
            [
              74.1204214,
              21.895031
            ],
            [
              74.1189193,
              21.8947921
            ],
            [
              74.1174602,
              21.8941151
            ],
            [
              74.115014,
              21.8924427
            ],
            [
              74.1059589,
              21.8894561
            ],
            [
              74.1038131,
              21.8885402
            ],
            [
              74.1025686,
              21.8875845
            ],
            [
              74.1011953,
              21.8868677
            ],
            [
              74.0995645,
              21.8867881
            ],
            [
              74.0971183,
              21.8886597
            ],
            [
              74.0955734,
              21.8883411
            ],
            [
              74.0951013,
              21.8869872
            ],
            [
              74.0941143,
              21.885912
            ],
            [
              74.0926122,
              21.8855934
            ],
            [
              74.0899515,
              21.8879031
            ],
            [
              74.090166,
              21.8893366
            ],
            [
              74.0920114,
              21.8917259
            ],
            [
              74.0936422,
              21.8929205
            ],
            [
              74.0967321,
              21.8929603
            ],
            [
              74.0999507,
              21.8925223
            ],
            [
              74.1014099,
              21.8927612
            ],
            [
              74.1026544,
              21.8945531
            ],
            [
              74.1016674,
              21.8956283
            ],
            [
              74.1019249,
              21.897022
            ],
            [
              74.1028261,
              21.8982962
            ],
            [
              74.1024828,
              21.8999287
            ],
            [
              74.0992212,
              21.8999686
            ],
            [
              74.0975904,
              21.8996898
            ],
            [
              74.0960455,
              21.8999287
            ],
            [
              74.0946292,
              21.9004862
            ],
            [
              74.0930414,
              21.9003269
            ],
            [
              74.0905523,
              21.8985749
            ],
            [
              74.0874195,
              21.8956681
            ],
            [
              74.0853166,
              21.893478
            ],
            [
              74.0805959,
              21.8909295
            ],
            [
              74.079051,
              21.8904118
            ],
            [
              74.0759182,
              21.8898543
            ],
            [
              74.0746307,
              21.8890181
            ],
            [
              74.0706396,
              21.8876641
            ],
            [
              74.0689659,
              21.887465
            ],
            [
              74.0674209,
              21.8870668
            ],
            [
              74.0628719,
              21.8856332
            ],
            [
              74.061284,
              21.8854739
            ],
            [
              74.0584087,
              21.8843191
            ],
            [
              74.0560484,
              21.8829253
            ],
            [
              74.0544176,
              21.8830049
            ],
            [
              74.0530014,
              21.8836022
            ],
            [
              74.0513706,
              21.8836421
            ],
            [
              74.0482807,
              21.8831642
            ],
            [
              74.0467357,
              21.883204
            ],
            [
              74.0459632,
              21.8845978
            ],
            [
              74.0458774,
              21.8867881
            ],
            [
              74.0466928,
              21.8880225
            ],
            [
              74.048624,
              21.8902924
            ],
            [
              74.0489244,
              21.8916861
            ],
            [
              74.0473365,
              21.891925
            ],
            [
              74.0458345,
              21.8911286
            ],
            [
              74.0433883,
              21.8894163
            ],
            [
              74.0419292,
              21.8887791
            ],
            [
              74.0402984,
              21.8886597
            ],
            [
              74.0387964,
              21.8890977
            ],
            [
              74.0359211,
              21.8914073
            ],
            [
              74.0328311,
              21.8914073
            ],
            [
              74.0312862,
              21.8918055
            ],
            [
              74.0299558,
              21.892602
            ],
            [
              74.0290117,
              21.8937567
            ],
            [
              74.0287971,
              21.8966238
            ],
            [
              74.0278959,
              21.8978183
            ],
            [
              74.0269517,
              21.8983758
            ],
            [
              74.0267372,
              21.8998491
            ],
            [
              74.0267801,
              21.9027558
            ],
            [
              74.0260934,
              21.9040698
            ],
            [
              74.0269088,
              21.9052643
            ],
            [
              74.0284109,
              21.9055032
            ],
            [
              74.031372,
              21.9050254
            ],
            [
              74.0327882,
              21.904468
            ],
            [
              74.0336036,
              21.9032734
            ],
            [
              74.0345907,
              21.9021984
            ],
            [
              74.0356636,
              21.9012427
            ],
            [
              74.037981,
              21.9000084
            ],
            [
              74.0389251,
              21.8988138
            ],
            [
              74.0403413,
              21.8994509
            ],
            [
              74.0399122,
              21.9009242
            ],
            [
              74.039011,
              21.9021586
            ],
            [
              74.0383672,
              21.9035124
            ],
            [
              74.0377664,
              21.9063394
            ],
            [
              74.0378952,
              21.9078524
            ],
            [
              74.0375948,
              21.9092858
            ],
            [
              74.038496,
              21.9112367
            ],
            [
              74.039998,
              21.9114358
            ],
            [
              74.041543,
              21.911396
            ],
            [
              74.0427875,
              21.9105599
            ],
            [
              74.0451049,
              21.9085691
            ],
            [
              74.0460062,
              21.9074144
            ],
            [
              74.0478086,
              21.9067375
            ],
            [
              74.0491819,
              21.9092858
            ],
            [
              74.0485811,
              21.9121127
            ],
            [
              74.0479374,
              21.9134265
            ],
            [
              74.0477657,
              21.9148997
            ],
            [
              74.0487957,
              21.9160543
            ],
            [
              74.0516281,
              21.9171293
            ],
            [
              74.0531301,
              21.9173283
            ],
            [
              74.0544176,
              21.9165719
            ],
            [
              74.0557479,
              21.9164524
            ],
            [
              74.0569496,
              21.9173681
            ],
            [
              74.0584516,
              21.9177663
            ],
            [
              74.0595674,
              21.9188014
            ],
            [
              74.0596962,
              21.9202347
            ],
            [
              74.0606403,
              21.9213893
            ],
            [
              74.0622711,
              21.9211902
            ],
            [
              74.0644598,
              21.9190403
            ],
            [
              74.065833,
              21.9184033
            ],
            [
              74.0678501,
              21.9158154
            ],
            [
              74.0686225,
              21.913108
            ],
            [
              74.0683651,
              21.9117145
            ],
            [
              74.0673351,
              21.9105997
            ],
            [
              74.0651464,
              21.9064986
            ],
            [
              74.0631294,
              21.9040698
            ],
            [
              74.061799,
              21.9032734
            ],
            [
              74.0586662,
              21.9023178
            ],
            [
              74.0570783,
              21.9021984
            ],
            [
              74.0539884,
              21.9027956
            ],
            [
              74.0528726,
              21.9018002
            ],
            [
              74.0531301,
              21.9004066
            ],
            [
              74.0544176,
              21.8995306
            ],
            [
              74.0566492,
              21.8976193
            ],
            [
              74.0579795,
              21.8969821
            ],
            [
              74.0601253,
              21.8991722
            ],
            [
              74.0657472,
              21.9016409
            ],
            [
              74.0666914,
              21.902716
            ],
            [
              74.0679359,
              21.903592
            ],
            [
              74.0694379,
              21.9039902
            ],
            [
              74.0741586,
              21.9039503
            ],
            [
              74.0772485,
              21.9034327
            ],
            [
              74.0787077,
              21.9037114
            ],
            [
              74.0796947,
              21.9047865
            ],
            [
              74.079051,
              21.9061801
            ],
            [
              74.0781068,
              21.9073348
            ],
            [
              74.0784502,
              21.9087283
            ],
            [
              74.0786647,
              21.9115154
            ],
            [
              74.0789651,
              21.912909
            ],
            [
              74.0789651,
              21.9143423
            ],
            [
              74.0802955,
              21.9155765
            ],
            [
              74.0833425,
              21.9159348
            ],
            [
              74.0870761,
              21.9192394
            ],
            [
              74.0885782,
              21.9192394
            ],
            [
              74.0900373,
              21.9197171
            ],
            [
              74.0914535,
              21.9223846
            ],
            [
              74.093213,
              21.9250918
            ],
            [
              74.0935134,
              21.9264852
            ],
            [
              74.0942859,
              21.9276795
            ],
            [
              74.0957021,
              21.9281174
            ],
            [
              74.0982341,
              21.9277193
            ],
            [
              74.0991354,
              21.9267638
            ],
            [
              74.0996503,
              21.9220263
            ],
            [
              74.0996503,
              21.9191199
            ],
            [
              74.1004657,
              21.9179255
            ],
            [
              74.104371,
              21.9173681
            ],
            [
              74.1058731,
              21.9185625
            ],
            [
              74.1058731,
              21.9214689
            ],
            [
              74.106903,
              21.922504
            ],
            [
              74.1092634,
              21.9243353
            ],
            [
              74.1102504,
              21.9254103
            ],
            [
              74.1134262,
              21.9269231
            ],
            [
              74.1159582,
              21.9305458
            ],
            [
              74.1168594,
              21.9326159
            ],
            [
              74.1182327,
              21.9334121
            ],
            [
              74.1237688,
              21.9338102
            ],
            [
              74.125185,
              21.9342083
            ],
            [
              74.1267299,
              21.9339694
            ],
            [
              74.1309785,
              21.9324169
            ],
            [
              74.1324806,
              21.9323771
            ],
            [
              74.1336822,
              21.9332131
            ],
            [
              74.1344547,
              21.9344869
            ],
            [
              74.1345834,
              21.9359201
            ],
            [
              74.1344547,
              21.938826
            ],
            [
              74.1338539,
              21.9401397
            ],
            [
              74.1350126,
              21.9411349
            ],
            [
              74.1364288,
              21.941732
            ],
            [
              74.1393899,
              21.9425281
            ],
            [
              74.1409778,
              21.9427271
            ],
            [
              74.1436815,
              21.9439213
            ],
            [
              74.1451406,
              21.9443194
            ],
            [
              74.1467285,
              21.9443592
            ],
            [
              74.1481876,
              21.9439611
            ],
            [
              74.1504192,
              21.9425679
            ],
            [
              74.1513204,
              21.9413737
            ],
            [
              74.1512346,
              21.9399406
            ],
            [
              74.1526079,
              21.9393435
            ],
            [
              74.1553115,
              21.9404979
            ],
            [
              74.1568565,
              21.9404979
            ],
            [
              74.158144,
              21.9395824
            ],
            [
              74.1589593,
              21.9383882
            ],
            [
              74.1615772,
              21.9381493
            ],
            [
              74.1629076,
              21.9375124
            ],
            [
              74.1640663,
              21.9365968
            ],
            [
              74.167242,
              21.9363579
            ],
            [
              74.1687011,
              21.935721
            ],
            [
              74.1701603,
              21.9344869
            ],
            [
              74.1701603,
              21.933014
            ],
            [
              74.1697311,
              21.9315809
            ],
            [
              74.1693878,
              21.9273212
            ],
            [
              74.1679287,
              21.926724
            ],
            [
              74.1652679,
              21.925251
            ],
            [
              74.1646242,
              21.9239372
            ],
            [
              74.1650533,
              21.9224642
            ],
            [
              74.1644525,
              21.9211504
            ],
            [
              74.1597318,
              21.9197171
            ],
            [
              74.1581869,
              21.9188412
            ],
            [
              74.1575002,
              21.917607
            ],
            [
              74.1577148,
              21.9161737
            ],
            [
              74.159646,
              21.9139441
            ],
            [
              74.1601181,
              21.9125506
            ],
            [
              74.1587448,
              21.911834
            ],
            [
              74.1571998,
              21.9124312
            ],
            [
              74.1546678,
              21.914183
            ],
            [
              74.1534662,
              21.9153376
            ],
            [
              74.1526937,
              21.9166117
            ],
            [
              74.1516637,
              21.9176867
            ],
            [
              74.1502904,
              21.9183635
            ],
            [
              74.147973,
              21.9186422
            ],
            [
              74.1463851,
              21.9186422
            ],
            [
              74.144926,
              21.9182839
            ],
            [
              74.1436386,
              21.9175274
            ],
            [
              74.1420078,
              21.9172885
            ],
            [
              74.1404628,
              21.9167709
            ],
            [
              74.1381883,
              21.9148599
            ],
            [
              74.13733,
              21.9137052
            ],
            [
              74.1391325,
              21.9111969
            ],
            [
              74.1420936,
              21.9105599
            ],
            [
              74.1436815,
              21.9107589
            ],
            [
              74.1450548,
              21.9114756
            ],
            [
              74.1465568,
              21.9111173
            ],
            [
              74.1476726,
              21.9091265
            ],
            [
              74.1468572,
              21.9078922
            ],
            [
              74.1437673,
              21.9081709
            ],
            [
              74.1407632,
              21.9076135
            ],
            [
              74.1399478,
              21.9064986
            ],
            [
              74.1408491,
              21.9053041
            ],
            [
              74.1414499,
              21.9039902
            ],
            [
              74.1416215,
              21.9023178
            ],
            [
              74.1442394,
              21.9009242
            ],
            [
              74.1431236,
              21.8998889
            ],
            [
              74.1400337,
              21.8996102
            ],
            [
              74.1371584,
              21.8984554
            ],
            [
              74.1327381,
              21.8976989
            ],
            [
              74.1319656,
              21.8967034
            ],
            [
              74.131236,
              21.8944735
            ],
            [
              74.1305065,
              21.8931594
            ],
            [
              74.1302829,
              21.8917072
            ],
            [
              74.128468,
              21.8913476
            ],
            [
              74.1277385,
              21.8920245
            ],
            [
              74.1255712,
              21.8919051
            ],
            [
              74.125185,
              21.8931992
            ],
            [
              74.126215,
              21.8957278
            ],
            [
              74.1245842,
              21.8959468
            ],
            [
              74.1236186,
              21.8951703
            ],
            [
              74.1223596,
              21.8947545
            ]
          ]
        ]
      },
      "properties": {
        "osm_id": "way/1278736223",
        "name": null,
        "zone_type": "forest",
        "source": "osm"
      }
    },
    {
      "type": "Feature",
      "geometry": {
        "type": "Polygon",
        "coordinates": [
          [
            [
              69.2600395,
              22.1601716
            ],
            [
              69.2603254,
              22.1601306
            ],
            [
              69.2603106,
              22.1596238
            ],
            [
              69.259961,
              22.1593221
            ],
            [
              69.2593694,
              22.159825
            ],
            [
              69.2587384,
              22.1599254
            ],
            [
              69.2586789,
              22.1602949
            ],
            [
              69.2587972,
              22.1606191
            ],
            [
              69.2588908,
              22.1610026
            ],
            [
              69.2586641,
              22.1610847
            ],
            [
              69.2587972,
              22.161208
            ],
            [
              69.2589894,
              22.1611715
            ],
            [
              69.2592014,
              22.1609615
            ],
            [
              69.2591225,
              22.1611943
            ],
            [
              69.2589106,
              22.1613404
            ],
            [
              69.258807,
              22.1616098
            ],
            [
              69.2585803,
              22.1616691
            ],
            [
              69.2584176,
              22.1615687
            ],
            [
              69.2584422,
              22.1618837
            ],
            [
              69.2594232,
              22.1616006
            ],
            [
              69.2594183,
              22.1618061
            ],
            [
              69.2595155,
              22.1619687
            ],
            [
              69.2589939,
              22.162332
            ],
            [
              69.2587479,
              22.1626644
            ],
            [
              69.2590979,
              22.162532
            ],
            [
              69.2592211,
              22.1626964
            ],
            [
              69.2590831,
              22.163057
            ],
            [
              69.2587232,
              22.1633766
            ],
            [
              69.2586099,
              22.1635638
            ],
            [
              69.2592014,
              22.1635318
            ],
            [
              69.2594775,
              22.1636323
            ],
            [
              69.259719,
              22.1634314
            ],
            [
              69.2600273,
              22.1632643
            ],
            [
              69.2601726,
              22.1635364
            ],
            [
              69.260493,
              22.163824
            ],
            [
              69.2608726,
              22.1639792
            ],
            [
              69.2610303,
              22.1640706
            ],
            [
              69.2607937,
              22.1642897
            ],
            [
              69.2605275,
              22.1644769
            ],
            [
              69.2601873,
              22.1646915
            ],
            [
              69.2596352,
              22.1648193
            ],
            [
              69.2594627,
              22.1648238
            ],
            [
              69.2593937,
              22.1646367
            ],
            [
              69.2595169,
              22.1644769
            ],
            [
              69.2593542,
              22.1645454
            ],
            [
              69.2592704,
              22.1647188
            ],
            [
              69.2591373,
              22.1649197
            ],
            [
              69.2591718,
              22.1650612
            ],
            [
              69.2595662,
              22.1650704
            ],
            [
              69.2599162,
              22.1652119
            ],
            [
              69.2604686,
              22.1653662
            ],
            [
              69.2623221,
              22.1655945
            ],
            [
              69.2627658,
              22.1644166
            ],
            [
              69.2623958,
              22.1642669
            ],
            [
              69.2617501,
              22.1640843
            ],
            [
              69.2613803,
              22.1639656
            ],
            [
              69.2616268,
              22.1628059
            ],
            [
              69.2615381,
              22.1626507
            ],
            [
              69.2613113,
              22.1626416
            ],
            [
              69.261405,
              22.1624955
            ],
            [
              69.2614001,
              22.1623494
            ],
            [
              69.2611437,
              22.1622855
            ],
            [
              69.2608331,
              22.1625411
            ],
            [
              69.2607345,
              22.1627329
            ],
            [
              69.2605965,
              22.1626918
            ],
            [
              69.2606951,
              22.1624133
            ],
            [
              69.2608578,
              22.1621987
            ],
            [
              69.2611141,
              22.1618928
            ],
            [
              69.2618634,
              22.1620024
            ],
            [
              69.2619719,
              22.1619613
            ],
            [
              69.2621149,
              22.1617559
            ],
            [
              69.2621494,
              22.1613313
            ],
            [
              69.2619571,
              22.1611532
            ],
            [
              69.2621691,
              22.1610208
            ],
            [
              69.2625092,
              22.1608519
            ],
            [
              69.2628868,
              22.1605228
            ],
            [
              69.2619166,
              22.1600598
            ],
            [
              69.2618384,
              22.1602749
            ],
            [
              69.2620261,
              22.1603725
            ],
            [
              69.262105,
              22.1606236
            ],
            [
              69.2621592,
              22.1607789
            ],
            [
              69.2620606,
              22.1608976
            ],
            [
              69.2618881,
              22.1608382
            ],
            [
              69.2617353,
              22.1608747
            ],
            [
              69.2614986,
              22.1612582
            ],
            [
              69.2611596,
              22.1614889
            ],
            [
              69.2609839,
              22.1616825
            ],
            [
              69.2607951,
              22.1618248
            ],
            [
              69.2606212,
              22.1617011
            ],
            [
              69.2605374,
              22.1612856
            ],
            [
              69.2606261,
              22.1611304
            ],
            [
              69.2604486,
              22.1609752
            ],
            [
              69.2602564,
              22.1608291
            ],
            [
              69.2604388,
              22.1607149
            ],
            [
              69.2605584,
              22.1606351
            ],
            [
              69.2604338,
              22.1605095
            ],
            [
              69.260212,
              22.1603954
            ],
            [
              69.2603007,
              22.1602766
            ],
            [
              69.2600395,
              22.1601716
            ]
          ]
        ]
      },
      "properties": {
        "osm_id": "way/1339119601",
        "name": null,
        "zone_type": "forest",
        "source": "osm"
      }
    },
    {
      "type": "Feature",
      "geometry": {
        "type": "Polygon",
        "coordinates": [
          [
            [
              70.8314146,
              21.2336621
            ],
            [
              70.8043098,
              21.2440225
            ],
            [
              70.7892894,
              21.2432225
            ],
            [
              70.7951474,
              21.190534
            ],
            [
              70.7952761,
              21.1870528
            ],
            [
              70.7914352,
              21.1832513
            ],
            [
              70.7899332,
              21.1831513
            ],
            [
              70.7892251,
              21.182471
            ],
            [
              70.793066,
              21.1786895
            ],
            [
              70.7943749,
              21.1764485
            ],
            [
              70.7942462,
              21.1750679
            ],
            [
              70.7922935,
              21.1724067
            ],
            [
              70.7896542,
              21.170866
            ],
            [
              70.7891607,
              21.1682247
            ],
            [
              70.7862854,
              21.1674243
            ],
            [
              70.7846761,
              21.1653633
            ],
            [
              70.7876801,
              21.162742
            ],
            [
              70.7899761,
              21.1619415
            ],
            [
              70.7905984,
              21.160981
            ],
            [
              70.7929587,
              21.160901
            ],
            [
              70.7943749,
              21.1545574
            ],
            [
              70.7929587,
              21.1529365
            ],
            [
              70.7900405,
              21.1534568
            ],
            [
              70.7859206,
              21.1513155
            ],
            [
              70.7851267,
              21.1482136
            ],
            [
              70.7852125,
              21.1478734
            ],
            [
              70.7876587,
              21.1444712
            ],
            [
              70.7934952,
              21.1416293
            ],
            [
              70.7966709,
              21.1430303
            ],
            [
              70.8002329,
              21.1422097
            ],
            [
              70.8041167,
              21.1420296
            ],
            [
              70.8067989,
              21.1409489
            ],
            [
              70.8114552,
              21.1372263
            ],
            [
              70.8136439,
              21.1343643
            ],
            [
              70.813837,
              21.1301412
            ],
            [
              70.8112407,
              21.1273991
            ],
            [
              70.8105325,
              21.124697
            ],
            [
              70.8112192,
              21.1239364
            ],
            [
              70.8180427,
              21.1224953
            ],
            [
              70.8204031,
              21.118492
            ],
            [
              70.8225488,
              21.1168307
            ],
            [
              70.8238792,
              21.1146488
            ],
            [
              70.8246946,
              21.1081832
            ],
            [
              70.8236646,
              21.1027582
            ],
            [
              70.825789,
              21.0952711
            ],
            [
              70.8250379,
              21.0945904
            ],
            [
              70.8207679,
              21.0955313
            ],
            [
              70.8191371,
              21.0939898
            ],
            [
              70.8210039,
              21.0924883
            ],
            [
              70.8221841,
              21.0900058
            ],
            [
              70.8220768,
              21.0862219
            ],
            [
              70.822699,
              21.08442
            ],
            [
              70.8297801,
              21.0926685
            ],
            [
              70.8325696,
              21.0926885
            ],
            [
              70.8370328,
              21.0915874
            ],
            [
              70.8421612,
              21.092228
            ],
            [
              70.844779,
              21.0977335
            ],
            [
              70.8464527,
              21.099335
            ],
            [
              70.8476114,
              21.0991148
            ],
            [
              70.8482122,
              21.0995552
            ],
            [
              70.8487057,
              21.1018974
            ],
            [
              70.8482337,
              21.1121066
            ],
            [
              70.8497786,
              21.1128072
            ],
            [
              70.8500147,
              21.1168106
            ],
            [
              70.8508301,
              21.1185721
            ],
            [
              70.8511519,
              21.1239965
            ],
            [
              70.8482122,
              21.129861
            ],
            [
              70.8497357,
              21.1324229
            ],
            [
              70.8480835,
              21.1321627
            ],
            [
              70.8472895,
              21.1337839
            ],
            [
              70.8484912,
              21.1357052
            ],
            [
              70.8490276,
              21.1394278
            ],
            [
              70.8482766,
              21.1410289
            ],
            [
              70.8457875,
              21.1422297
            ],
            [
              70.8451438,
              21.1430903
            ],
            [
              70.8453369,
              21.144131
            ],
            [
              70.8472895,
              21.1455319
            ],
            [
              70.8465385,
              21.1478534
            ],
            [
              70.8469462,
              21.1505951
            ],
            [
              70.8479333,
              21.1517157
            ],
            [
              70.8464527,
              21.1581595
            ],
            [
              70.8494138,
              21.1600405
            ],
            [
              70.8522033,
              21.1632823
            ],
            [
              70.8525466,
              21.164683
            ],
            [
              70.8543491,
              21.1670442
            ],
            [
              70.8526754,
              21.170806
            ],
            [
              70.8548212,
              21.1749679
            ],
            [
              70.8519458,
              21.1805703
            ],
            [
              70.8444486,
              21.2233557
            ],
            [
              70.8424186,
              21.2230214
            ],
            [
              70.8394575,
              21.2237015
            ],
            [
              70.8352947,
              21.2277419
            ],
            [
              70.8312177,
              21.2310622
            ],
            [
              70.8314146,
              21.2336621
            ]
          ]
        ]
      },
      "properties": {
        "osm_id": "way/1535016222",
        "name": null,
        "zone_type": "forest",
        "source": "osm"
      }
    },
    {
      "type": "Feature",
      "geometry": {
        "type": "Polygon",
        "coordinates": [
          [
            [
              70.8905789,
              20.9703053
            ],
            [
              70.8909559,
              20.9714982
            ],
            [
              70.8931875,
              20.9711376
            ],
            [
              70.8972644,
              20.969174
            ],
            [
              70.9023714,
              20.9695346
            ],
            [
              70.9067058,
              20.9704964
            ],
            [
              70.9065342,
              20.9712578
            ],
            [
              70.9055471,
              20.9712578
            ],
            [
              70.9038734,
              20.9734217
            ],
            [
              70.9051609,
              20.9739426
            ],
            [
              70.9058046,
              20.9751047
            ],
            [
              70.9076929,
              20.9739426
            ],
            [
              70.909667,
              20.976988
            ],
            [
              70.9078216,
              20.9776693
            ],
            [
              70.9085941,
              20.9796327
            ],
            [
              70.9102678,
              20.9795526
            ],
            [
              70.9100103,
              20.9759061
            ],
            [
              70.9114694,
              20.9755856
            ],
            [
              70.9114694,
              20.9737423
            ],
            [
              70.9130144,
              20.9737423
            ],
            [
              70.9132289,
              20.9767476
            ],
            [
              70.9123277,
              20.9780299
            ],
            [
              70.9152031,
              20.979793
            ],
            [
              70.915761,
              20.9790317
            ],
            [
              70.9166622,
              20.9790317
            ],
            [
              70.9178209,
              20.9808348
            ],
            [
              70.9169626,
              20.9830387
            ],
            [
              70.9171772,
              20.9844411
            ],
            [
              70.9185504,
              20.984401
            ],
            [
              70.9211254,
              20.9821571
            ],
            [
              70.9224557,
              20.982678
            ],
            [
              70.9252882,
              20.982077
            ],
            [
              70.9260177,
              20.9839202
            ],
            [
              70.9281206,
              20.9844411
            ],
            [
              70.9283351,
              20.9851223
            ],
            [
              70.9271764,
              20.9859637
            ],
            [
              70.9250307,
              20.9860038
            ],
            [
              70.9262752,
              20.9866849
            ],
            [
              70.9281635,
              20.9887284
            ],
            [
              70.9288501,
              20.9916534
            ],
            [
              70.9287214,
              20.9936968
            ],
            [
              70.9266614,
              20.9951392
            ],
            [
              70.927906,
              20.9959004
            ],
            [
              70.9300088,
              20.9959004
            ],
            [
              70.9303522,
              20.9964613
            ],
            [
              70.9285926,
              20.9977034
            ],
            [
              70.9255886,
              20.997503
            ],
            [
              70.9260606,
              20.9980239
            ],
            [
              70.9285068,
              20.9995464
            ],
            [
              70.9302234,
              20.9983444
            ],
            [
              70.9300947,
              21.0016698
            ],
            [
              70.9308672,
              21.0014695
            ],
            [
              70.9314251,
              21.0003076
            ],
            [
              70.9308242,
              20.9982643
            ],
            [
              70.9314251,
              20.9978236
            ],
            [
              70.9343433,
              20.9977835
            ],
            [
              70.9339571,
              21.0013092
            ],
            [
              70.9318542,
              21.0045945
            ],
            [
              70.9320259,
              21.0096024
            ],
            [
              70.9305667,
              21.0136085
            ],
            [
              70.9282922,
              21.0154113
            ],
            [
              70.928893,
              21.0158119
            ],
            [
              70.9301376,
              21.0154514
            ],
            [
              70.9305238,
              21.0160122
            ],
            [
              70.9303951,
              21.0188565
            ],
            [
              70.928421,
              21.0198179
            ],
            [
              70.930438,
              21.0200182
            ],
            [
              70.9308242,
              21.020579
            ],
            [
              70.9297943,
              21.0270285
            ],
            [
              70.9243869,
              21.030874
            ],
            [
              70.9251594,
              21.0311543
            ],
            [
              70.9260606,
              21.0305936
            ],
            [
              70.9252452,
              21.0347594
            ],
            [
              70.923872,
              21.0365619
            ],
            [
              70.9252452,
              21.0404071
            ],
            [
              70.9258461,
              21.0400867
            ],
            [
              70.9246873,
              21.0364818
            ],
            [
              70.9258461,
              21.0347995
            ],
            [
              70.9266185,
              21.0313947
            ],
            [
              70.9286785,
              21.0293918
            ],
            [
              70.9307384,
              21.0286708
            ],
            [
              70.9312534,
              21.0269884
            ],
            [
              70.931468,
              21.0217408
            ],
            [
              70.9323692,
              21.0198179
            ],
            [
              70.9321546,
              21.0128073
            ],
            [
              70.9343862,
              21.0089614
            ],
            [
              70.9350729,
              21.0045945
            ],
            [
              70.9359312,
              21.0033926
            ],
            [
              70.9370899,
              21.0034326
            ],
            [
              70.9372186,
              21.011285
            ],
            [
              70.9359312,
              21.0130076
            ],
            [
              70.9361028,
              21.0144899
            ],
            [
              70.9369182,
              21.01457
            ],
            [
              70.9374761,
              21.0124468
            ],
            [
              70.9387207,
              21.0117257
            ],
            [
              70.9383344,
              21.0081601
            ],
            [
              70.9397077,
              21.0082803
            ],
            [
              70.9399223,
              21.0075992
            ],
            [
              70.9390211,
              21.0056762
            ],
            [
              70.9395361,
              20.9990656
            ],
            [
              70.9403944,
              20.9981842
            ],
            [
              70.9417247,
              20.9985848
            ],
            [
              70.9422826,
              20.9981842
            ],
            [
              70.9420251,
              20.9975431
            ],
            [
              70.9398794,
              20.9969822
            ],
            [
              70.9396648,
              20.9963011
            ],
            [
              70.9404373,
              20.9928153
            ],
            [
              70.9397077,
              20.9916534
            ],
            [
              70.9412527,
              20.9899305
            ],
            [
              70.9555435,
              20.993857
            ],
            [
              70.9555006,
              20.995059
            ],
            [
              70.9578609,
              20.9959805
            ],
            [
              70.9583759,
              20.9946984
            ],
            [
              70.9617662,
              20.9954998
            ],
            [
              70.9671306,
              20.9898103
            ],
            [
              70.9690189,
              20.9912927
            ],
            [
              70.9705209,
              20.9917335
            ],
            [
              70.9706068,
              20.9924948
            ],
            [
              70.9718942,
              20.992615
            ],
            [
              70.9722805,
              20.9909321
            ],
            [
              70.9711647,
              20.9887284
            ],
            [
              70.9729242,
              20.9894096
            ],
            [
              70.9743404,
              20.9908921
            ],
            [
              70.9762287,
              20.9976633
            ],
            [
              70.9787178,
              21.0001874
            ],
            [
              70.9808206,
              21.0046345
            ],
            [
              70.9829235,
              21.0057163
            ],
            [
              70.9828805,
              21.0066778
            ],
            [
              70.9787178,
              21.0076794
            ],
            [
              70.9773445,
              21.009362
            ],
            [
              70.977602,
              21.0108844
            ],
            [
              70.9792327,
              21.0115253
            ],
            [
              70.9829664,
              21.0105639
            ],
            [
              70.9829664,
              21.0090816
            ],
            [
              70.9835672,
              21.011325
            ],
            [
              70.9834384,
              21.0128073
            ],
            [
              70.9822797,
              21.0128073
            ],
            [
              70.9829664,
              21.0159321
            ],
            [
              70.9819793,
              21.017855
            ],
            [
              70.9803915,
              21.0183758
            ],
            [
              70.9800911,
              21.0196576
            ],
            [
              70.9830093,
              21.0196176
            ],
            [
              70.9830093,
              21.0209396
            ],
            [
              70.9817218,
              21.0220612
            ],
            [
              70.9822368,
              21.0233832
            ],
            [
              70.9836959,
              21.0233832
            ],
            [
              70.9837818,
              21.0250656
            ],
            [
              70.9854126,
              21.0248653
            ],
            [
              70.9854555,
              21.0226621
            ],
            [
              70.9888887,
              21.0247051
            ],
            [
              70.9889745,
              21.0242645
            ],
            [
              70.9853696,
              21.0213001
            ],
            [
              70.9868288,
              21.0181354
            ],
            [
              70.9882021,
              21.0196977
            ],
            [
              70.9905195,
              21.0207793
            ],
            [
              70.9916353,
              21.0201384
            ],
            [
              70.9915924,
              21.0189767
            ],
            [
              70.9891462,
              21.0180953
            ],
            [
              70.9886741,
              21.0160122
            ],
            [
              70.9875154,
              21.0157318
            ],
            [
              70.9885025,
              21.0128874
            ],
            [
              70.9870004,
              21.0107642
            ],
            [
              70.9891462,
              21.0096825
            ],
            [
              70.9915924,
              21.0071986
            ],
            [
              70.9916568,
              21.0064574
            ],
            [
              70.9884595,
              21.0071986
            ],
            [
              70.9849405,
              21.0046746
            ],
            [
              70.9877729,
              21.0037531
            ],
            [
              70.9884166,
              21.0019503
            ],
            [
              70.9869575,
              21.0016297
            ],
            [
              70.9869575,
              21.0008685
            ],
            [
              70.9894037,
              21.0011089
            ],
            [
              70.9907341,
              20.999346
            ],
            [
              70.9918499,
              20.999346
            ],
            [
              70.9915494,
              20.998064
            ],
            [
              70.9927082,
              20.998064
            ],
            [
              70.9927082,
              20.9994262
            ],
            [
              70.9936523,
              20.999306
            ],
            [
              70.9944033,
              20.9979437
            ],
            [
              70.9933519,
              20.9964613
            ],
            [
              70.9899616,
              20.9962209
            ],
            [
              70.9885025,
              20.9985047
            ],
            [
              70.9863567,
              20.9988653
            ],
            [
              70.9859275,
              20.9976633
            ],
            [
              70.9874725,
              20.9945382
            ],
            [
              70.9859705,
              20.994458
            ],
            [
              70.9848547,
              20.9960607
            ],
            [
              70.9837389,
              20.9961809
            ],
            [
              70.9837389,
              20.9952594
            ],
            [
              70.9779453,
              20.9947786
            ],
            [
              70.9760141,
              20.9941375
            ],
            [
              70.9751558,
              20.9910523
            ],
            [
              70.9739542,
              20.9892092
            ],
            [
              70.9698772,
              20.9868853
            ],
            [
              70.9703064,
              20.9845613
            ],
            [
              70.9712076,
              20.9846014
            ],
            [
              70.9718942,
              20.9858435
            ],
            [
              70.9732675,
              20.9853627
            ],
            [
              70.9732675,
              20.983239
            ],
            [
              70.9738254,
              20.9819167
            ],
            [
              70.9749412,
              20.9818766
            ],
            [
              70.9745121,
              20.9795125
            ],
            [
              70.9689331,
              20.9791118
            ],
            [
              70.9646415,
              20.9804742
            ],
            [
              70.9620237,
              20.9804742
            ],
            [
              70.9620237,
              20.9789916
            ],
            [
              70.9637832,
              20.9788714
            ],
            [
              70.9638691,
              20.9777895
            ],
            [
              70.9664011,
              20.9777895
            ],
            [
              70.9688472,
              20.9749444
            ],
            [
              70.9723234,
              20.9749845
            ],
            [
              70.9728384,
              20.9757058
            ],
            [
              70.976057,
              20.9757458
            ],
            [
              70.9762287,
              20.9768678
            ],
            [
              70.9777736,
              20.976387
            ],
            [
              70.9775161,
              20.9737823
            ],
            [
              70.9803915,
              20.9739025
            ],
            [
              70.9795332,
              20.968653
            ],
            [
              70.981636,
              20.9654071
            ],
            [
              70.985198,
              20.9669299
            ],
            [
              70.9866571,
              20.966449
            ],
            [
              70.9865284,
              20.9648059
            ],
            [
              70.9841251,
              20.9631228
            ],
            [
              70.9841251,
              20.9610389
            ],
            [
              70.9889316,
              20.9603977
            ],
            [
              70.9825801,
              20.9572718
            ],
            [
              70.9826231,
              20.9565905
            ],
            [
              70.9870433,
              20.9553481
            ],
            [
              70.9854555,
              20.9498174
            ],
            [
              70.9858846,
              20.9488555
            ],
            [
              70.9924714,
              20.9487091
            ],
            [
              71.0007333,
              20.9490559
            ],
            [
              71.0010832,
              20.9503099
            ],
            [
              71.0000038,
              20.9530236
            ],
            [
              71.0005894,
              20.9536645
            ],
            [
              70.9994459,
              20.9601973
            ],
            [
              71.0063552,
              20.9615198
            ],
            [
              71.0069561,
              20.9640445
            ],
            [
              71.0146808,
              20.965367
            ],
            [
              71.0150241,
              20.9648059
            ],
            [
              71.024723,
              20.969174
            ],
            [
              71.0266113,
              20.9681721
            ],
            [
              71.0348939,
              20.96701
            ],
            [
              71.0351514,
              20.9662085
            ],
            [
              71.037426,
              20.9668497
            ],
            [
              71.0369968,
              20.9690538
            ],
            [
              71.0418891,
              20.9729809
            ],
            [
              71.0410308,
              20.9751448
            ],
            [
              71.0443782,
              20.9766274
            ],
            [
              71.0451078,
              20.9783505
            ],
            [
              71.0477256,
              20.9800334
            ],
            [
              71.0484552,
              20.9810352
            ],
            [
              71.0451936,
              20.9817164
            ],
            [
              71.0450634,
              20.9840311
            ],
            [
              71.0463094,
              20.9882476
            ],
            [
              71.0503006,
              20.9889688
            ],
            [
              71.0518026,
              20.9879271
            ],
            [
              71.0534334,
              20.9912927
            ],
            [
              71.0613298,
              20.9899705
            ],
            [
              71.0614156,
              20.9930557
            ],
            [
              71.0573816,
              20.9943779
            ],
            [
              71.0569953,
              20.996862
            ],
            [
              71.0585832,
              20.9989855
            ],
            [
              71.0585403,
              21.0006682
            ],
            [
              71.0604286,
              21.0045144
            ],
            [
              71.0593128,
              21.0070384
            ],
            [
              71.0609865,
              21.0070384
            ],
            [
              71.0635185,
              21.0082803
            ],
            [
              71.0616731,
              21.0127272
            ],
            [
              71.0582828,
              21.0154914
            ],
            [
              71.0563516,
              21.0193773
            ],
            [
              71.0563516,
              21.0215405
            ],
            [
              71.0577678,
              21.023944
            ],
            [
              71.0605144,
              21.0257066
            ],
            [
              71.0618877,
              21.0256264
            ],
            [
              71.0625743,
              21.0257867
            ],
            [
              71.0631752,
              21.0262674
            ],
            [
              71.0639476,
              21.0275092
            ],
            [
              71.0646343,
              21.028831
            ],
            [
              71.0659217,
              21.0329569
            ],
            [
              71.0654926,
              21.0342387
            ],
            [
              71.0656642,
              21.0379638
            ],
            [
              71.0646772,
              21.0407676
            ],
            [
              71.0634327,
              21.0415286
            ],
            [
              71.0638618,
              21.0428104
            ],
            [
              71.0593557,
              21.043331
            ],
            [
              71.0585403,
              21.0405673
            ],
            [
              71.0557508,
              21.0398063
            ],
            [
              71.0549354,
              21.0405673
            ],
            [
              71.0525751,
              21.0405673
            ],
            [
              71.0512876,
              21.0411682
            ],
            [
              71.0539484,
              21.0428104
            ],
            [
              71.0542917,
              21.0440921
            ],
            [
              71.0552358,
              21.0437716
            ],
            [
              71.0553217,
              21.0443324
            ],
            [
              71.0530901,
              21.0460146
            ],
            [
              71.0502576,
              21.0426101
            ],
            [
              71.0491848,
              21.0443724
            ],
            [
              71.0463094,
              21.0450133
            ],
            [
              71.0467386,
              21.0457743
            ],
            [
              71.0513734,
              21.048658
            ],
            [
              71.0547208,
              21.0472162
            ],
            [
              71.0553646,
              21.0474965
            ],
            [
              71.0544204,
              21.0497795
            ],
            [
              71.0557937,
              21.0500598
            ],
            [
              71.0562229,
              21.0505805
            ],
            [
              71.0559225,
              21.0512213
            ],
            [
              71.0544633,
              21.0515818
            ],
            [
              71.0528755,
              21.0513815
            ],
            [
              71.0495281,
              21.0496994
            ],
            [
              71.0438203,
              21.0505004
            ],
            [
              71.0418462,
              21.0526231
            ],
            [
              71.0435199,
              21.0580699
            ],
            [
              71.0423612,
              21.0591112
            ],
            [
              71.04043,
              21.0595117
            ],
            [
              71.039915,
              21.0600724
            ],
            [
              71.0403013,
              21.061434
            ],
            [
              71.0387563,
              21.0619146
            ],
            [
              71.039443,
              21.0630159
            ],
            [
              71.0409879,
              21.0635966
            ],
            [
              71.0424041,
              21.060553
            ],
            [
              71.0457086,
              21.0577896
            ],
            [
              71.0435199,
              21.0545455
            ],
            [
              71.0437345,
              21.0524629
            ],
            [
              71.0445499,
              21.0515017
            ],
            [
              71.0492706,
              21.0511412
            ],
            [
              71.0555362,
              21.0527833
            ],
            [
              71.0518455,
              21.0531438
            ],
            [
              71.0493993,
              21.0527032
            ],
            [
              71.0484981,
              21.0537846
            ],
            [
              71.0490131,
              21.0543453
            ],
            [
              71.0562658,
              21.0539848
            ],
            [
              71.0575532,
              21.054906
            ],
            [
              71.0582399,
              21.0548659
            ],
            [
              71.060729,
              21.0518621
            ],
            [
              71.0608577,
              21.0474965
            ],
            [
              71.0633468,
              21.0471361
            ],
            [
              71.064291,
              21.0484578
            ],
            [
              71.0643339,
              21.0505805
            ],
            [
              71.0654068,
              21.0514616
            ],
            [
              71.0657501,
              21.0535443
            ],
            [
              71.065278,
              21.0559873
            ],
            [
              71.0659647,
              21.0572289
            ],
            [
              71.0650205,
              21.0640372
            ],
            [
              71.065278,
              21.0693634
            ],
            [
              71.0632181,
              21.0701643
            ],
            [
              71.0621452,
              21.0728474
            ],
            [
              71.064291,
              21.0846603
            ],
            [
              71.0618877,
              21.0923882
            ],
            [
              71.0597848,
              21.0966324
            ],
            [
              71.0557937,
              21.0942701
            ],
            [
              71.0551929,
              21.0885043
            ],
            [
              71.0559653,
              21.0789742
            ],
            [
              71.0539054,
              21.0748897
            ],
            [
              71.0484981,
              21.0783335
            ],
            [
              71.044464,
              21.0783335
            ],
            [
              71.044464,
              21.0829786
            ],
            [
              71.045494,
              21.0897856
            ],
            [
              71.0429191,
              21.0944303
            ],
            [
              71.0384559,
              21.1001158
            ],
            [
              71.0382842,
              21.1071623
            ],
            [
              71.0389709,
              21.1119666
            ],
            [
              71.0413741,
              21.1200534
            ],
            [
              71.0429191,
              21.1252575
            ],
            [
              71.0406016,
              21.1285401
            ],
            [
              71.0365676,
              21.1304615
            ],
            [
              71.0315894,
              21.129741
            ],
            [
              71.0307311,
              21.1343043
            ],
            [
              71.0328769,
              21.1385473
            ],
            [
              71.0325336,
              21.1422298
            ],
            [
              71.0305595,
              21.1406287
            ],
            [
              71.028757,
              21.1412691
            ],
            [
              71.0295295,
              21.1476733
            ],
            [
              71.0314178,
              21.1495145
            ],
            [
              71.0285853,
              21.1506351
            ],
            [
              71.0256671,
              21.1498347
            ],
            [
              71.0233497,
              21.1481536
            ],
            [
              71.0197448,
              21.1485539
            ],
            [
              71.019659,
              21.1506351
            ],
            [
              71.0208606,
              21.1514356
            ],
            [
              71.0202598,
              21.1527964
            ],
            [
              71.0111617,
              21.1600806
            ],
            [
              71.0080718,
              21.164723
            ],
            [
              71.0095309,
              21.164723
            ],
            [
              71.0115909,
              21.1630422
            ],
            [
              71.0129642,
              21.1637625
            ],
            [
              71.0138225,
              21.1662438
            ],
            [
              71.0179423,
              21.1652833
            ],
            [
              71.0259246,
              21.1712062
            ],
            [
              71.0285853,
              21.1741676
            ],
            [
              71.0309886,
              21.1758483
            ],
            [
              71.0324477,
              21.1757683
            ],
            [
              71.0356235,
              21.1777692
            ],
            [
              71.0352801,
              21.1804903
            ],
            [
              71.0364818,
              21.1830513
            ],
            [
              71.0366534,
              21.1858524
            ],
            [
              71.0374259,
              21.1869728
            ],
            [
              71.0387992,
              21.187613
            ],
            [
              71.0305595,
              21.1883333
            ],
            [
              71.0310744,
              21.1905741
            ],
            [
              71.0174274,
              21.1882533
            ],
            [
              70.9962272,
              21.1853722
            ],
            [
              70.9854125,
              21.1845719
            ],
            [
              70.9863566,
              21.1877731
            ],
            [
              70.992279,
              21.1899338
            ],
            [
              70.9930514,
              21.1927348
            ],
            [
              70.9900474,
              21.1930549
            ],
            [
              70.9899615,
              21.1960158
            ],
            [
              70.990734,
              21.1971361
            ],
            [
              70.9879874,
              21.2008972
            ],
            [
              70.9879874,
              21.2052983
            ],
            [
              70.9867,
              21.2062585
            ],
            [
              70.9853267,
              21.2056184
            ],
            [
              70.9842109,
              21.2046582
            ],
            [
              70.9832667,
              21.2005771
            ],
            [
              70.9819793,
              21.1999369
            ],
            [
              70.9785461,
              21.200177
            ],
            [
              70.9776877,
              21.1960958
            ],
            [
              70.9799193,
              21.1910542
            ],
            [
              70.9796619,
              21.1896938
            ],
            [
              70.9783744,
              21.1891336
            ],
            [
              70.9768294,
              21.1895337
            ],
            [
              70.9745978,
              21.1915344
            ],
            [
              70.9711646,
              21.1964159
            ],
            [
              70.969963,
              21.1971361
            ],
            [
              70.9667014,
              21.1969761
            ],
            [
              70.9642123,
              21.1954556
            ],
            [
              70.9615516,
              21.1906541
            ],
            [
              70.9584617,
              21.190494
            ],
            [
              70.9563159,
              21.1924947
            ],
            [
              70.9548568,
              21.1932149
            ],
            [
              70.9550284,
              21.1945754
            ],
            [
              70.9563159,
              21.1952956
            ],
            [
              70.9590297,
              21.1963307
            ],
            [
              70.9580325,
              21.200177
            ],
            [
              70.9531402,
              21.2046582
            ],
            [
              70.9518527,
              21.2076188
            ],
            [
              70.9517669,
              21.2090592
            ],
            [
              70.9533118,
              21.2116197
            ],
            [
              70.9567451,
              21.2144202
            ],
            [
              70.9658431,
              21.219701
            ],
            [
              70.9660148,
              21.2210612
            ],
            [
              70.9631824,
              21.2225814
            ],
            [
              70.9584617,
              21.2229815
            ],
            [
              70.9554576,
              21.2227414
            ],
            [
              70.9528827,
              21.2210612
            ],
            [
              70.9465312,
              21.2153004
            ],
            [
              70.9465312,
              21.2138601
            ],
            [
              70.9454154,
              21.2128999
            ],
            [
              70.9392356,
              21.2116997
            ],
            [
              70.9332275,
              21.2156204
            ],
            [
              70.9299659,
              21.2158605
            ],
            [
              70.9252452,
              21.2153004
            ],
            [
              70.9242152,
              21.2162605
            ],
            [
              70.9226703,
              21.2164205
            ],
            [
              70.9074782,
              21.2124999
            ],
            [
              70.9062766,
              21.21322
            ],
            [
              70.9061908,
              21.2175407
            ],
            [
              70.9048175,
              21.2181008
            ],
            [
              70.9001826,
              21.2145802
            ],
            [
              70.8973502,
              21.2137001
            ],
            [
              70.8929729,
              21.2153804
            ],
            [
              70.8909988,
              21.2180208
            ],
            [
              70.8895396,
              21.2183409
            ],
            [
              70.8842181,
              21.2166606
            ],
            [
              70.8826732,
              21.2138601
            ],
            [
              70.8794974,
              21.2139401
            ],
            [
              70.8793258,
              21.2153004
            ],
            [
              70.8820724,
              21.2160205
            ],
            [
              70.8820724,
              21.2185809
            ],
            [
              70.8806132,
              21.2204211
            ],
            [
              70.8801841,
              21.2218613
            ],
            [
              70.8767509,
              21.2217013
            ],
            [
              70.873661,
              21.2209012
            ],
            [
              70.8697986,
              21.2255418
            ],
            [
              70.8703136,
              21.227942
            ],
            [
              70.8716868,
              21.227942
            ],
            [
              70.8703994,
              21.2289021
            ],
            [
              70.8689403,
              21.2292221
            ],
            [
              70.8632754,
              21.2273019
            ],
            [
              70.8515566,
              21.2280199
            ],
            [
              70.8502292,
              21.2269019
            ],
            [
              70.8471393,
              21.2267418
            ],
            [
              70.8472681,
              21.2252217
            ],
            [
              70.8444486,
              21.2233557
            ],
            [
              70.8519458,
              21.1805703
            ],
            [
              70.8528471,
              21.1802502
            ],
            [
              70.8543062,
              21.1781693
            ],
            [
              70.8544778,
              21.1768087
            ],
            [
              70.8555507,
              21.1758483
            ],
            [
              70.8558082,
              21.1744877
            ],
            [
              70.8557653,
              21.1738074
            ],
            [
              70.854392,
              21.1713663
            ],
            [
              70.8541774,
              21.1706859
            ],
            [
              70.8540487,
              21.1685649
            ],
            [
              70.8548641,
              21.1662838
            ],
            [
              70.8530616,
              21.1639626
            ],
            [
              70.8525037,
              21.1619215
            ],
            [
              70.849328,
              21.1585997
            ],
            [
              70.8475256,
              21.1576792
            ],
            [
              70.8488988,
              21.1513956
            ],
            [
              70.8475256,
              21.1494344
            ],
            [
              70.8475256,
              21.1474331
            ],
            [
              70.8484268,
              21.145632
            ],
            [
              70.8464098,
              21.1432704
            ],
            [
              70.8465814,
              21.14259
            ],
            [
              70.8495855,
              21.1406687
            ],
            [
              70.8496284,
              21.1372664
            ],
            [
              70.8482551,
              21.1336238
            ],
            [
              70.8486414,
              21.1330634
            ],
            [
              70.8498001,
              21.1337839
            ],
            [
              70.8503151,
              21.1333035
            ],
            [
              70.8492422,
              21.1295007
            ],
            [
              70.851345,
              21.1249372
            ],
            [
              70.8517313,
              21.1228156
            ],
            [
              70.8514738,
              21.1177715
            ],
            [
              70.8505296,
              21.1152093
            ],
            [
              70.8505725,
              21.1126471
            ],
            [
              70.8490276,
              21.1104852
            ],
            [
              70.8496713,
              21.1043197
            ],
            [
              70.849328,
              21.0999156
            ],
            [
              70.8491563,
              21.0992349
            ],
            [
              70.846281,
              21.0970728
            ],
            [
              70.8425903,
              21.0917075
            ],
            [
              70.8359813,
              21.0909067
            ],
            [
              70.8308315,
              21.0921079
            ],
            [
              70.829029,
              21.0909067
            ],
            [
              70.8273983,
              21.0883441
            ],
            [
              70.8233642,
              21.0842999
            ],
            [
              70.8233642,
              21.0820575
            ],
            [
              70.8254671,
              21.0792545
            ],
            [
              70.8255958,
              21.0766116
            ],
            [
              70.8226347,
              21.0649182
            ],
            [
              70.8212184,
              21.0625153
            ],
            [
              70.8216905,
              21.0605129
            ],
            [
              70.8208751,
              21.0593915
            ],
            [
              70.8203172,
              21.0548659
            ],
            [
              70.8165407,
              21.0494591
            ],
            [
              70.8116483,
              21.0447329
            ],
            [
              70.8097601,
              21.0437316
            ],
            [
              70.8023786,
              21.04257
            ],
            [
              70.8011341,
              21.0400466
            ],
            [
              70.8031082,
              21.0393657
            ],
            [
              70.8029794,
              21.0386447
            ],
            [
              70.8000183,
              21.0377635
            ],
            [
              70.7890319,
              21.0314748
            ],
            [
              70.788989,
              21.0307938
            ],
            [
              70.7907915,
              21.0318353
            ],
            [
              70.7929372,
              21.0317552
            ],
            [
              70.7931518,
              21.0311143
            ],
            [
              70.7923793,
              21.0299927
            ],
            [
              70.7923364,
              21.0285907
            ],
            [
              70.7908773,
              21.0268282
            ],
            [
              70.7928943,
              21.0239039
            ],
            [
              70.7916927,
              21.0222615
            ],
            [
              70.7943964,
              21.0219411
            ],
            [
              70.7943534,
              21.0212601
            ],
            [
              70.7913494,
              21.0208995
            ],
            [
              70.7887744,
              21.0194974
            ],
            [
              70.7869291,
              21.0179351
            ],
            [
              70.7857275,
              21.0152911
            ],
            [
              70.7840108,
              21.0140492
            ],
            [
              70.7832384,
              21.0141293
            ],
            [
              70.7809209,
              21.0162926
            ],
            [
              70.7767152,
              21.0186962
            ],
            [
              70.7744407,
              21.0190167
            ],
            [
              70.7731962,
              21.0215805
            ],
            [
              70.7710504,
              21.0228624
            ],
            [
              70.7695484,
              21.0227422
            ],
            [
              70.7674026,
              21.0207793
            ],
            [
              70.7677888,
              21.0142495
            ],
            [
              70.766673,
              21.0130477
            ],
            [
              70.7689476,
              21.0121663
            ],
            [
              70.7690334,
              21.0069182
            ],
            [
              70.7701492,
              21.0071986
            ],
            [
              70.7710075,
              21.0112449
            ],
            [
              70.771265,
              21.0134483
            ],
            [
              70.7739257,
              21.0143697
            ],
            [
              70.7759857,
              21.0123266
            ],
            [
              70.7770586,
              21.0120061
            ],
            [
              70.778861,
              21.0138088
            ],
            [
              70.7815647,
              21.0124468
            ],
            [
              70.7840538,
              21.0108844
            ],
            [
              70.7858133,
              21.0121663
            ],
            [
              70.7882165,
              21.0161324
            ],
            [
              70.7901907,
              21.0174544
            ],
            [
              70.7904911,
              21.015211
            ],
            [
              70.7929372,
              21.0154514
            ],
            [
              70.7946968,
              21.0120862
            ],
            [
              70.795598,
              21.0078396
            ],
            [
              70.7990312,
              21.0032724
            ],
            [
              70.7998194,
              20.999221
            ],
            [
              70.8023357,
              20.9999871
            ],
            [
              70.8058118,
              20.9984245
            ],
            [
              70.8096313,
              20.9958603
            ],
            [
              70.8129787,
              20.9952594
            ],
            [
              70.8140516,
              20.9965815
            ],
            [
              70.813837,
              20.9972226
            ],
            [
              70.8135795,
              20.9978636
            ],
            [
              70.8120346,
              20.9983044
            ],
            [
              70.8120346,
              20.9989855
            ],
            [
              70.8112621,
              20.9991858
            ],
            [
              70.8113479,
              20.999947
            ],
            [
              70.8120775,
              21.001149
            ],
            [
              70.8143091,
              21.0011089
            ],
            [
              70.8148241,
              21.0031121
            ],
            [
              70.8140945,
              21.0031121
            ],
            [
              70.8125925,
              21.0046746
            ],
            [
              70.8127641,
              21.0053156
            ],
            [
              70.8140945,
              21.0053156
            ],
            [
              70.8151245,
              21.0089614
            ],
            [
              70.8163261,
              21.0094421
            ],
            [
              70.8192873,
              21.004314
            ],
            [
              70.8178711,
              21.0018701
            ],
            [
              70.8176136,
              20.9984646
            ],
            [
              70.8165407,
              20.9967819
            ],
            [
              70.8185148,
              20.9963812
            ],
            [
              70.8202314,
              20.9948587
            ],
            [
              70.8227205,
              20.9954196
            ],
            [
              70.8233642,
              20.9966617
            ],
            [
              70.8256816,
              20.9973428
            ],
            [
              70.8276128,
              20.9985047
            ],
            [
              70.8279991,
              20.9972226
            ],
            [
              70.8238363,
              20.9932961
            ],
            [
              70.8308744,
              20.9903712
            ],
            [
              70.8325052,
              20.9911325
            ],
            [
              70.8331489,
              20.9957802
            ],
            [
              70.8327198,
              20.9978636
            ],
            [
              70.8337068,
              20.9989454
            ],
            [
              70.8357238,
              21.0041538
            ],
            [
              70.8378267,
              21.0058365
            ],
            [
              70.8398008,
              21.0063573
            ],
            [
              70.8399295,
              21.0092017
            ],
            [
              70.8428478,
              21.0091216
            ],
            [
              70.8426332,
              21.0062371
            ],
            [
              70.8407449,
              21.0059566
            ],
            [
              70.8401441,
              21.0018301
            ],
            [
              70.8370971,
              20.9999871
            ],
            [
              70.8367538,
              20.9986649
            ],
            [
              70.8404445,
              20.9978236
            ],
            [
              70.8426761,
              21.0001874
            ],
            [
              70.8430194,
              21.0015496
            ],
            [
              70.8444786,
              21.0020304
            ],
            [
              70.8460235,
              21.0009887
            ],
            [
              70.8458089,
              20.9993861
            ],
            [
              70.8435344,
              20.9985447
            ],
            [
              70.842762,
              20.9921342
            ],
            [
              70.8404445,
              20.98969
            ],
            [
              70.838685,
              20.9822373
            ],
            [
              70.8385992,
              20.9815561
            ],
            [
              70.8405733,
              20.9782302
            ],
            [
              70.8429765,
              20.978631
            ],
            [
              70.8429765,
              20.9777093
            ],
            [
              70.8402729,
              20.9757458
            ],
            [
              70.8395433,
              20.9722997
            ],
            [
              70.8467531,
              20.9720993
            ],
            [
              70.8460235,
              20.9674508
            ],
            [
              70.8484268,
              20.9674909
            ],
            [
              70.8518171,
              20.9662486
            ],
            [
              70.8572673,
              20.970296
            ],
            [
              70.8568382,
              20.9731412
            ],
            [
              70.857439,
              20.974704
            ],
            [
              70.8580827,
              20.9813557
            ],
            [
              70.8613443,
              20.9813157
            ],
            [
              70.8615589,
              20.9793122
            ],
            [
              70.8597564,
              20.9788313
            ],
            [
              70.8600139,
              20.9760664
            ],
            [
              70.8631038,
              20.9739827
            ],
            [
              70.8668804,
              20.9729408
            ],
            [
              70.8693041,
              20.9713323
            ],
            [
              70.8714723,
              20.9720592
            ],
            [
              70.8764934,
              20.9729007
            ],
            [
              70.8795404,
              20.9739025
            ],
            [
              70.8869218,
              20.9710975
            ],
            [
              70.8905789,
              20.9703053
            ]
          ]
        ]
      },
      "properties": {
        "osm_id": "way/1535016224",
        "name": null,
        "zone_type": "forest",
        "source": "osm"
      }
    },
    {
      "type": "Feature",
      "geometry": {
        "type": "Polygon",
        "coordinates": [
          [
            [
              70.4717209,
              21.1125764
            ],
            [
              70.4704284,
              21.1062015
            ],
            [
              70.467596,
              21.1032387
            ],
            [
              70.4671668,
              21.0981139
            ],
            [
              70.4768657,
              21.099235
            ],
            [
              70.4786681,
              21.0960319
            ],
            [
              70.4798269,
              21.0949508
            ],
            [
              70.480256,
              21.0945904
            ],
            [
              70.4815006,
              21.096192
            ],
            [
              70.4840326,
              21.0967125
            ],
            [
              70.4855775,
              21.0974732
            ],
            [
              70.4879379,
              21.0974732
            ],
            [
              70.4876804,
              21.1007163
            ],
            [
              70.4874229,
              21.102518
            ],
            [
              70.4891824,
              21.1049202
            ],
            [
              70.494461,
              21.1048802
            ],
            [
              70.4943752,
              21.1029985
            ],
            [
              70.4931306,
              21.1027182
            ],
            [
              70.4930877,
              21.101477
            ],
            [
              70.4947185,
              21.0997154
            ],
            [
              70.4948902,
              21.0962721
            ],
            [
              70.4955768,
              21.0962721
            ],
            [
              70.4960489,
              21.101437
            ],
            [
              70.4961776,
              21.1041595
            ],
            [
              70.4984092,
              21.1044398
            ],
            [
              70.5004692,
              21.1031986
            ],
            [
              70.5005765,
              21.1036691
            ],
            [
              70.4999542,
              21.1045199
            ],
            [
              70.4973363,
              21.110245
            ],
            [
              70.4973363,
              21.1126471
            ],
            [
              70.4983234,
              21.1170108
            ],
            [
              70.4977655,
              21.1180517
            ],
            [
              70.4964351,
              21.1130475
            ],
            [
              70.4956626,
              21.1124469
            ],
            [
              70.4938173,
              21.1145287
            ],
            [
              70.4907703,
              21.1174512
            ],
            [
              70.4897403,
              21.1215345
            ],
            [
              70.4912853,
              21.1242567
            ],
            [
              70.4916715,
              21.1262583
            ],
            [
              70.493431,
              21.1275793
            ],
            [
              70.4937315,
              21.1316623
            ],
            [
              70.492444,
              21.1359855
            ],
            [
              70.4932594,
              21.1382671
            ],
            [
              70.4967784,
              21.1365459
            ],
            [
              70.49901,
              21.1356252
            ],
            [
              70.5009412,
              21.1363857
            ],
            [
              70.4999113,
              21.1395079
            ],
            [
              70.4999542,
              21.1425099
            ],
            [
              70.5023574,
              21.1438308
            ],
            [
              70.5032587,
              21.1459922
            ],
            [
              70.5003833,
              21.1483937
            ],
            [
              70.4987955,
              21.1506351
            ],
            [
              70.4975938,
              21.1510754
            ],
            [
              70.4984092,
              21.1542773
            ],
            [
              70.5023145,
              21.1599605
            ],
            [
              70.5055761,
              21.1598404
            ],
            [
              70.5091381,
              21.1585597
            ],
            [
              70.5108547,
              21.1548776
            ],
            [
              70.5110693,
              21.1485938
            ],
            [
              70.512488,
              21.1478219
            ],
            [
              70.5148028,
              21.1529565
            ],
            [
              70.5191802,
              21.1510354
            ],
            [
              70.5230426,
              21.1507952
            ],
            [
              70.5234717,
              21.1676045
            ],
            [
              70.5310248,
              21.1681648
            ],
            [
              70.5353164,
              21.1737274
            ],
            [
              70.5198669,
              21.1857724
            ],
            [
              70.5190086,
              21.1884133
            ],
            [
              70.5216693,
              21.1890535
            ],
            [
              70.5247592,
              21.1863326
            ],
            [
              70.5247592,
              21.1882533
            ],
            [
              70.5238151,
              21.1892936
            ],
            [
              70.5236434,
              21.1906541
            ],
            [
              70.5247592,
              21.1913743
            ],
            [
              70.5261325,
              21.1907341
            ],
            [
              70.5272483,
              21.1898538
            ],
            [
              70.5267333,
              21.1869728
            ],
            [
              70.5273341,
              21.1856123
            ],
            [
              70.5312823,
              21.17985
            ],
            [
              70.5342864,
              21.1768888
            ],
            [
              70.5360889,
              21.1782494
            ],
            [
              70.5374621,
              21.1836916
            ],
            [
              70.5385779,
              21.1844919
            ],
            [
              70.5438995,
              21.1818508
            ],
            [
              70.5452727,
              21.1813707
            ],
            [
              70.546646,
              21.1817708
            ],
            [
              70.5475043,
              21.1828112
            ],
            [
              70.542612,
              21.1883333
            ],
            [
              70.5423545,
              21.1928948
            ],
            [
              70.5391788,
              21.1929749
            ],
            [
              70.5378055,
              21.1936151
            ],
            [
              70.5383205,
              21.1948955
            ],
            [
              70.5396937,
              21.1954556
            ],
            [
              70.5386638,
              21.196656
            ],
            [
              70.5385779,
              21.1980164
            ],
            [
              70.5392646,
              21.1993768
            ],
            [
              70.5402946,
              21.2004171
            ],
            [
              70.5417537,
              21.2004171
            ],
            [
              70.5458736,
              21.1992167
            ],
            [
              70.5503368,
              21.2012973
            ],
            [
              70.55171,
              21.2011373
            ],
            [
              70.5546283,
              21.200257
            ],
            [
              70.5559157,
              21.1996168
            ],
            [
              70.5563449,
              21.1983365
            ],
            [
              70.5562591,
              21.1968961
            ],
            [
              70.5540275,
              21.1948154
            ],
            [
              70.5558299,
              21.1867327
            ],
            [
              70.5547999,
              21.1819309
            ],
            [
              70.5590915,
              21.1818508
            ],
            [
              70.565443,
              21.1780093
            ],
            [
              70.5695628,
              21.1795299
            ],
            [
              70.5738544,
              21.1792898
            ],
            [
              70.5714511,
              21.1844118
            ],
            [
              70.5713653,
              21.1872129
            ],
            [
              70.5726527,
              21.1925747
            ],
            [
              70.5766009,
              21.1932149
            ],
            [
              70.5779742,
              21.1888935
            ],
            [
              70.5788325,
              21.1833714
            ],
            [
              70.5838107,
              21.1837716
            ],
            [
              70.5882739,
              21.1764886
            ],
            [
              70.5955695,
              21.1740075
            ],
            [
              70.5992602,
              21.1710462
            ],
            [
              70.5992602,
              21.1681648
            ],
            [
              70.5985736,
              21.1669642
            ],
            [
              70.5971145,
              21.166564
            ],
            [
              70.5940246,
              21.1668841
            ],
            [
              70.5883597,
              21.1695254
            ],
            [
              70.5836391,
              21.1695254
            ],
            [
              70.5821799,
              21.1691252
            ],
            [
              70.58115,
              21.1680847
            ],
            [
              70.5827802,
              21.1634433
            ],
            [
              70.5844115,
              21.1607209
            ],
            [
              70.5881881,
              21.1607209
            ],
            [
              70.5889188,
              21.1561345
            ],
            [
              70.591554,
              21.1549628
            ],
            [
              70.5910205,
              21.1514356
            ],
            [
              70.595827,
              21.1510354
            ],
            [
              70.5972861,
              21.1558382
            ],
            [
              70.6023501,
              21.1567187
            ],
            [
              70.6068983,
              21.1526663
            ],
            [
              70.6084441,
              21.1523962
            ],
            [
              70.6138395,
              21.153649
            ],
            [
              70.6172847,
              21.1527164
            ],
            [
              70.6160831,
              21.1491943
            ],
            [
              70.6165122,
              21.1460723
            ],
            [
              70.6154822,
              21.1415093
            ],
            [
              70.6134223,
              21.1398282
            ],
            [
              70.6212329,
              21.1373465
            ],
            [
              70.6227844,
              21.1337782
            ],
            [
              70.6171989,
              21.1276594
            ],
            [
              70.6162547,
              21.1276594
            ],
            [
              70.6154822,
              21.1337439
            ],
            [
              70.6169414,
              21.1370262
            ],
            [
              70.601406,
              21.1377467
            ],
            [
              70.5972003,
              21.1383071
            ],
            [
              70.5949687,
              21.1361456
            ],
            [
              70.5934238,
              21.1356653
            ],
            [
              70.5900764,
              21.1357453
            ],
            [
              70.5872439,
              21.1344644
            ],
            [
              70.5880164,
              21.1319026
            ],
            [
              70.5946254,
              21.1295808
            ],
            [
              70.6050109,
              21.1234161
            ],
            [
              70.6050109,
              21.1219749
            ],
            [
              70.6038951,
              21.1210142
            ],
            [
              70.6023501,
              21.1205338
            ],
            [
              70.5984019,
              21.1230158
            ],
            [
              70.5940246,
              21.1244569
            ],
            [
              70.5930804,
              21.1255778
            ],
            [
              70.5884456,
              21.1261382
            ],
            [
              70.5869006,
              21.1257379
            ],
            [
              70.586729,
              21.1225354
            ],
            [
              70.5879306,
              21.1200534
            ],
            [
              70.5924796,
              21.1162903
            ],
            [
              70.5961703,
              21.1144487
            ],
            [
              70.5966853,
              21.1131676
            ],
            [
              70.5953979,
              21.1091641
            ],
            [
              70.5930804,
              21.1062815
            ],
            [
              70.5904197,
              21.1051605
            ],
            [
              70.5890464,
              21.1058011
            ],
            [
              70.5861281,
              21.1092442
            ],
            [
              70.584669,
              21.1091641
            ],
            [
              70.5820941,
              21.117171
            ],
            [
              70.5790042,
              21.1166906
            ],
            [
              70.5778884,
              21.1154896
            ],
            [
              70.5774592,
              21.1142085
            ],
            [
              70.5775451,
              21.1114862
            ],
            [
              70.5818366,
              21.1070022
            ],
            [
              70.5818366,
              21.1026782
            ],
            [
              70.5840682,
              21.1013169
            ],
            [
              70.5850124,
              21.0985943
            ],
            [
              70.5844115,
              21.0953912
            ],
            [
              70.5826091,
              21.0915474
            ],
            [
              70.5825233,
              21.0886645
            ],
            [
              70.600376,
              21.0797751
            ],
            [
              70.6032085,
              21.0799353
            ],
            [
              70.6056975,
              21.0812968
            ],
            [
              70.6028651,
              21.0917076
            ],
            [
              70.597372,
              21.0944303
            ],
            [
              70.5966853,
              21.0957116
            ],
            [
              70.5972861,
              21.0985143
            ],
            [
              70.5989169,
              21.0987545
            ],
            [
              70.6039809,
              21.0949108
            ],
            [
              70.6053542,
              21.0944303
            ],
            [
              70.6068133,
              21.0946705
            ],
            [
              70.6077575,
              21.0959518
            ],
            [
              70.6090449,
              21.1021978
            ],
            [
              70.6073283,
              21.1112459
            ],
            [
              70.6073283,
              21.1141284
            ],
            [
              70.6106757,
              21.1142085
            ],
            [
              70.613594,
              21.113648
            ],
            [
              70.6154822,
              21.1115662
            ],
            [
              70.6167697,
              21.1109257
            ],
            [
              70.6170272,
              21.1094043
            ],
            [
              70.6158256,
              21.106762
            ],
            [
              70.6148814,
              21.1022778
            ],
            [
              70.6148814,
              21.1008365
            ],
            [
              70.6161689,
              21.098274
            ],
            [
              70.6159114,
              21.0969928
            ],
            [
              70.6132506,
              21.0919478
            ],
            [
              70.6144523,
              21.0912271
            ],
            [
              70.6173705,
              21.0912271
            ],
            [
              70.6207179,
              21.0955514
            ],
            [
              70.6220054,
              21.095151
            ],
            [
              70.623207,
              21.0958717
            ],
            [
              70.6238937,
              21.0986744
            ],
            [
              70.6273269,
              21.1009166
            ],
            [
              70.6280994,
              21.102438
            ],
            [
              70.629816,
              21.1102851
            ],
            [
              70.6317901,
              21.1104452
            ],
            [
              70.6323909,
              21.1206138
            ],
            [
              70.6337642,
              21.1235762
            ],
            [
              70.6352233,
              21.1238965
            ],
            [
              70.6362533,
              21.1229357
            ],
            [
              70.6375407,
              21.1225354
            ],
            [
              70.6387424,
              21.1230958
            ],
            [
              70.6402015,
              21.1229357
            ],
            [
              70.6411456,
              21.1218148
            ],
            [
              70.6438064,
              21.1122068
            ],
            [
              70.6481837,
              21.1158899
            ],
            [
              70.6492137,
              21.1218148
            ],
            [
              70.6555652,
              21.1190125
            ],
            [
              70.6537627,
              21.1131676
            ],
            [
              70.6480979,
              21.1065217
            ],
            [
              70.6468963,
              21.1039594
            ],
            [
              70.6482696,
              21.0964323
            ],
            [
              70.6492137,
              21.0954713
            ],
            [
              70.650587,
              21.0953112
            ],
            [
              70.6518745,
              21.0958717
            ],
            [
              70.6531619,
              21.1017173
            ],
            [
              70.6536769,
              21.1030786
            ],
            [
              70.6544494,
              21.1041996
            ],
            [
              70.655651,
              21.1048402
            ],
            [
              70.6570243,
              21.1043598
            ],
            [
              70.6576251,
              21.1029985
            ],
            [
              70.6583976,
              21.098194
            ],
            [
              70.6619166,
              21.1037192
            ],
            [
              70.6636333,
              21.1083634
            ],
            [
              70.6689548,
              21.1119666
            ],
            [
              70.6727313,
              21.111326
            ],
            [
              70.6728171,
              21.1102851
            ],
            [
              70.671358,
              21.1055609
            ],
            [
              70.6729888,
              21.1046
            ],
            [
              70.6761645,
              21.1062015
            ],
            [
              70.6765079,
              21.1033188
            ],
            [
              70.6757354,
              21.1021978
            ],
            [
              70.6741046,
              21.1017974
            ],
            [
              70.6704997,
              21.099315
            ],
            [
              70.6703281,
              21.0979537
            ],
            [
              70.6706714,
              21.0958717
            ],
            [
              70.6723022,
              21.0944303
            ],
            [
              70.6761645,
              21.0949908
            ],
            [
              70.6749629,
              21.088184
            ],
            [
              70.6729888,
              21.0885043
            ],
            [
              70.6717013,
              21.0800955
            ],
            [
              70.6695556,
              21.0774526
            ],
            [
              70.6674956,
              21.0779331
            ],
            [
              70.6662514,
              21.0765774
            ],
            [
              70.6686973,
              21.0744893
            ],
            [
              70.6689548,
              21.0717662
            ],
            [
              70.6698131,
              21.070725
            ],
            [
              70.6711864,
              21.0701644
            ],
            [
              70.6771945,
              21.0697639
            ],
            [
              70.678482,
              21.0674412
            ],
            [
              70.6776237,
              21.0662398
            ],
            [
              70.677452,
              21.0648782
            ],
            [
              70.6800269,
              21.0635967
            ],
            [
              70.6807994,
              21.0623151
            ],
            [
              70.6801128,
              21.0595918
            ],
            [
              70.6844043,
              21.0602326
            ],
            [
              70.6844043,
              21.0633564
            ],
            [
              70.6857776,
              21.0641573
            ],
            [
              70.6857776,
              21.0720866
            ],
            [
              70.68964,
              21.0741689
            ],
            [
              70.6913566,
              21.0764915
            ],
            [
              70.6929015,
              21.0770521
            ],
            [
              70.6940173,
              21.0827383
            ],
            [
              70.6994367,
              21.0824109
            ],
            [
              70.7014846,
              21.078734
            ],
            [
              70.6979655,
              21.0764114
            ],
            [
              70.6972789,
              21.0722467
            ],
            [
              70.6950473,
              21.0703245
            ],
            [
              70.6925582,
              21.0666403
            ],
            [
              70.6937598,
              21.0658393
            ],
            [
              70.695219,
              21.0655189
            ],
            [
              70.6965922,
              21.0659194
            ],
            [
              70.7001971,
              21.0687227
            ],
            [
              70.7027721,
              21.0699241
            ],
            [
              70.7032012,
              21.0736083
            ],
            [
              70.7071494,
              21.0750499
            ],
            [
              70.7081794,
              21.0719264
            ],
            [
              70.7041453,
              21.0673611
            ],
            [
              70.7030295,
              21.0664
            ],
            [
              70.7015704,
              21.0655189
            ],
            [
              70.6962489,
              21.0628758
            ],
            [
              70.6935023,
              21.0599122
            ],
            [
              70.6914424,
              21.0562277
            ],
            [
              70.6874084,
              21.0546257
            ],
            [
              70.6836318,
              21.0522226
            ],
            [
              70.6832027,
              21.050941
            ],
            [
              70.6838035,
              21.0496594
            ],
            [
              70.6849193,
              21.0488583
            ],
            [
              70.6897258,
              21.0483777
            ],
            [
              70.7022571,
              21.0565481
            ],
            [
              70.7033729,
              21.055667
            ],
            [
              70.6991672,
              21.0512614
            ],
            [
              70.6978797,
              21.0505405
            ],
            [
              70.6966781,
              21.0496594
            ],
            [
              70.6957339,
              21.0485379
            ],
            [
              70.6929874,
              21.0434913
            ],
            [
              70.6930732,
              21.0405273
            ],
            [
              70.6923865,
              21.0378036
            ],
            [
              70.6948756,
              21.036602
            ],
            [
              70.7022571,
              21.0374832
            ],
            [
              70.7079219,
              21.0355605
            ],
            [
              70.7090377,
              21.0364418
            ],
            [
              70.710926,
              21.0386848
            ],
            [
              70.7141875,
              21.0468557
            ],
            [
              70.7147025,
              21.0495793
            ],
            [
              70.7143592,
              21.0510211
            ],
            [
              70.7125568,
              21.0534242
            ],
            [
              70.714445,
              21.0584705
            ],
            [
              70.7193374,
              21.0611938
            ],
            [
              70.7235431,
              21.0616744
            ],
            [
              70.7244014,
              21.0516619
            ],
            [
              70.7233714,
              21.0464552
            ],
            [
              70.726118,
              21.0427703
            ],
            [
              70.7244014,
              21.0354804
            ],
            [
              70.7169341,
              21.031555
            ],
            [
              70.7115268,
              21.0316351
            ],
            [
              70.7101535,
              21.032276
            ],
            [
              70.7031154,
              21.0293118
            ],
            [
              70.7020854,
              21.0282703
            ],
            [
              70.7019137,
              21.0241043
            ],
            [
              70.7021712,
              21.0226622
            ],
            [
              70.7051753,
              21.021861
            ],
            [
              70.7056045,
              21.0204188
            ],
            [
              70.7052611,
              21.0159321
            ],
            [
              70.7077502,
              21.0123266
            ],
            [
              70.7122134,
              21.0082403
            ],
            [
              70.7153033,
              21.0031122
            ],
            [
              70.715475,
              21.0007083
            ],
            [
              70.7185649,
              20.9996666
            ],
            [
              70.7192515,
              20.9951793
            ],
            [
              70.7266262,
              20.9947785
            ],
            [
              70.7315253,
              20.9879672
            ],
            [
              70.731697,
              20.9846815
            ],
            [
              70.74234,
              20.9717788
            ],
            [
              70.7453441,
              20.9708972
            ],
            [
              70.7441424,
              20.9650464
            ],
            [
              70.7441424,
              20.962161
            ],
            [
              70.7415675,
              20.9600771
            ],
            [
              70.7417392,
              20.9502182
            ],
            [
              70.7449149,
              20.9499777
            ],
            [
              70.7446574,
              20.9428436
            ],
            [
              70.7434558,
              20.9416412
            ],
            [
              70.7434558,
              20.9398776
            ],
            [
              70.7483482,
              20.9396372
            ],
            [
              70.7530688,
              20.9471722
            ],
            [
              70.7527255,
              20.9521419
            ],
            [
              70.7546996,
              20.9519015
            ],
            [
              70.7579612,
              20.9592756
            ],
            [
              70.7537555,
              20.9591153
            ],
            [
              70.7528113,
              20.9558291
            ],
            [
              70.7486056,
              20.9529435
            ],
            [
              70.7465457,
              20.9541458
            ],
            [
              70.7480048,
              20.9627221
            ],
            [
              70.7510947,
              20.962161
            ],
            [
              70.7555579,
              20.9643251
            ],
            [
              70.7556438,
              20.9701758
            ],
            [
              70.7480907,
              20.9700156
            ],
            [
              70.7442123,
              20.9762581
            ],
            [
              70.7462024,
              20.9779498
            ],
            [
              70.752468,
              20.9784306
            ],
            [
              70.7579612,
              20.9821171
            ],
            [
              70.7583903,
              20.9870857
            ],
            [
              70.7623386,
              20.9870857
            ],
            [
              70.7630252,
              20.9898904
            ],
            [
              70.7621669,
              20.9979037
            ],
            [
              70.764141,
              20.9990256
            ],
            [
              70.7619094,
              21.0012692
            ],
            [
              70.760107,
              21.0092819
            ],
            [
              70.7625102,
              21.0132881
            ],
            [
              70.7659434,
              21.013849
            ],
            [
              70.7670592,
              21.0164128
            ],
            [
              70.7666301,
              21.0217007
            ],
            [
              70.7693767,
              21.0241844
            ],
            [
              70.7748698,
              21.023223
            ],
            [
              70.778818,
              21.0333174
            ],
            [
              70.7818221,
              21.033718
            ],
            [
              70.7840537,
              21.0358009
            ],
            [
              70.786972,
              21.036602
            ],
            [
              70.7942676,
              21.0385246
            ],
            [
              70.7980012,
              21.0404872
            ],
            [
              70.7994174,
              21.0419693
            ],
            [
              70.8007907,
              21.0443725
            ],
            [
              70.8076572,
              21.0458945
            ],
            [
              70.812292,
              21.0497395
            ],
            [
              70.8146094,
              21.0491787
            ],
            [
              70.8185577,
              21.0542252
            ],
            [
              70.8202743,
              21.0602326
            ],
            [
              70.8201884,
              21.063036
            ],
            [
              70.8220767,
              21.0659194
            ],
            [
              70.8228492,
              21.0713657
            ],
            [
              70.8249091,
              21.0763313
            ],
            [
              70.8240508,
              21.0791344
            ],
            [
              70.8219909,
              21.0828184
            ],
            [
              70.8211326,
              21.0865823
            ],
            [
              70.8212184,
              21.0908267
            ],
            [
              70.8205318,
              21.092108
            ],
            [
              70.8183002,
              21.0933092
            ],
            [
              70.8183002,
              21.0946705
            ],
            [
              70.8204459,
              21.0963522
            ],
            [
              70.82448,
              21.0952311
            ],
            [
              70.82448,
              21.0963522
            ],
            [
              70.8227634,
              21.1028384
            ],
            [
              70.8232783,
              21.1104452
            ],
            [
              70.8219051,
              21.1162903
            ],
            [
              70.8195876,
              21.118372
            ],
            [
              70.8176135,
              21.1218949
            ],
            [
              70.8103179,
              21.1230958
            ],
            [
              70.8091163,
              21.1254177
            ],
            [
              70.8093738,
              21.1272591
            ],
            [
              70.8127212,
              21.1315823
            ],
            [
              70.812807,
              21.1343844
            ],
            [
              70.808258,
              21.1389476
            ],
            [
              70.8049106,
              21.141029
            ],
            [
              70.7968425,
              21.1418295
            ],
            [
              70.792036,
              21.1411891
            ],
            [
              70.7891177,
              21.1419896
            ],
            [
              70.7875728,
              21.1416694
            ],
            [
              70.7863711,
              21.1441511
            ],
            [
              70.7846545,
              21.1458321
            ],
            [
              70.7843112,
              21.1513556
            ],
            [
              70.7868861,
              21.1532767
            ],
            [
              70.7896327,
              21.1543173
            ],
            [
              70.7928084,
              21.1538371
            ],
            [
              70.7935809,
              21.155518
            ],
            [
              70.7921218,
              21.1602407
            ],
            [
              70.7902335,
              21.1602407
            ],
            [
              70.7887744,
              21.1617615
            ],
            [
              70.7862853,
              21.1628821
            ],
            [
              70.7855128,
              21.1640827
            ],
            [
              70.7841395,
              21.164643
            ],
            [
              70.7834529,
              21.1658436
            ],
            [
              70.7843112,
              21.1668841
            ],
            [
              70.784912,
              21.1696055
            ],
            [
              70.7860278,
              21.1704859
            ],
            [
              70.7888602,
              21.170726
            ],
            [
              70.7926368,
              21.1741676
            ],
            [
              70.7921218,
              21.1788896
            ],
            [
              70.7883239,
              21.1816107
            ],
            [
              70.7884097,
              21.1831313
            ],
            [
              70.7916283,
              21.1839716
            ],
            [
              70.7936668,
              21.1865926
            ],
            [
              70.7946324,
              21.1870928
            ],
            [
              70.7946753,
              21.190514
            ],
            [
              70.7951474,
              21.190534
            ],
            [
              70.7892894,
              21.2432225
            ],
            [
              70.7872295,
              21.2485023
            ],
            [
              70.786972,
              21.252982
            ],
            [
              70.7843112,
              21.2543419
            ],
            [
              70.7819079,
              21.2567416
            ],
            [
              70.7818221,
              21.2581815
            ],
            [
              70.759077,
              21.2569016
            ],
            [
              70.7525539,
              21.2419425
            ],
            [
              70.7437133,
              21.2394625
            ],
            [
              70.7371902,
              21.2400225
            ],
            [
              70.7353019,
              21.2431425
            ],
            [
              70.7320403,
              21.2433025
            ],
            [
              70.7279204,
              21.2449025
            ],
            [
              70.7267188,
              21.2458624
            ],
            [
              70.7265472,
              21.2472224
            ],
            [
              70.7287788,
              21.2490623
            ],
            [
              70.7290362,
              21.2504222
            ],
            [
              70.7286071,
              21.2517821
            ],
            [
              70.7274055,
              21.252662
            ],
            [
              70.7228564,
              21.253062
            ],
            [
              70.7219981,
              21.2517821
            ],
            [
              70.7216548,
              21.2490623
            ],
            [
              70.7206248,
              21.2481023
            ],
            [
              70.7190799,
              21.2481023
            ],
            [
              70.7166766,
              21.2496222
            ],
            [
              70.7157325,
              21.2520221
            ],
            [
              70.7096385,
              21.2520221
            ],
            [
              70.7044887,
              21.2582615
            ],
            [
              70.7010554,
              21.2592213
            ],
            [
              70.6915282,
              21.2583415
            ],
            [
              70.6867217,
              21.2573016
            ],
            [
              70.6838035,
              21.2613811
            ],
            [
              70.6717872,
              21.2557017
            ],
            [
              70.6672381,
              21.2591414
            ],
            [
              70.666294,
              21.2605012
            ],
            [
              70.6583976,
              21.2635407
            ],
            [
              70.654621,
              21.2629808
            ],
            [
              70.651102,
              21.2661803
            ],
            [
              70.6301593,
              21.2704995
            ],
            [
              70.6225204,
              21.272979
            ],
            [
              70.611534,
              21.2720192
            ],
            [
              70.6093883,
              21.2701795
            ],
            [
              70.6093883,
              21.2671401
            ],
            [
              70.6111049,
              21.2649805
            ],
            [
              70.6122207,
              21.2609811
            ],
            [
              70.6116199,
              21.2583415
            ],
            [
              70.6122207,
              21.2540219
            ],
            [
              70.6111907,
              21.252982
            ],
            [
              70.6093883,
              21.2552218
            ],
            [
              70.6093024,
              21.2565817
            ],
            [
              70.6103324,
              21.2591414
            ],
            [
              70.6081008,
              21.2645006
            ],
            [
              70.6075,
              21.2686598
            ],
            [
              70.6038093,
              21.2716992
            ],
            [
              70.6011485,
              21.2747386
            ],
            [
              70.6017493,
              21.2788176
            ],
            [
              70.5970286,
              21.2795374
            ],
            [
              70.5914497,
              21.2790575
            ],
            [
              70.5832957,
              21.2813769
            ],
            [
              70.5829524,
              21.2780977
            ],
            [
              70.5819224,
              21.2780178
            ],
            [
              70.579605,
              21.2827365
            ],
            [
              70.5758285,
              21.2827365
            ],
            [
              70.5735969,
              21.2845759
            ],
            [
              70.5621814,
              21.2830564
            ],
            [
              70.5549716,
              21.2837762
            ],
            [
              70.5511092,
              21.2832963
            ],
            [
              70.5490493,
              21.2831364
            ],
            [
              70.5463885,
              21.2813769
            ],
            [
              70.5426978,
              21.2819367
            ],
            [
              70.5372905,
              21.2804171
            ],
            [
              70.5349731,
              21.2812169
            ],
            [
              70.5341148,
              21.2901742
            ],
            [
              70.5284499,
              21.2949725
            ],
            [
              70.5271625,
              21.2944127
            ],
            [
              70.5254459,
              21.2920935
            ],
            [
              70.5239867,
              21.2920135
            ],
            [
              70.5229568,
              21.2909739
            ],
            [
              70.5226993,
              21.2894544
            ],
            [
              70.5226993,
              21.2849758
            ],
            [
              70.5270766,
              21.2788176
            ],
            [
              70.526905,
              21.2759383
            ],
            [
              70.5204677,
              21.2753784
            ],
            [
              70.5201243,
              21.2724191
            ],
            [
              70.5257033,
              21.2695397
            ],
            [
              70.5259608,
              21.2669802
            ],
            [
              70.5211543,
              21.2633008
            ],
            [
              70.5222701,
              21.2560217
            ],
            [
              70.5255317,
              21.2512221
            ],
            [
              70.529909,
              21.2469824
            ],
            [
              70.5301665,
              21.2417825
            ],
            [
              70.5310248,
              21.2355424
            ],
            [
              70.5337714,
              21.2317823
            ],
            [
              70.5359172,
              21.2260218
            ],
            [
              70.5347156,
              21.2209812
            ],
            [
              70.5315398,
              21.2165006
            ],
            [
              70.5288791,
              21.2172207
            ],
            [
              70.5278012,
              21.219935
            ],
            [
              70.5263042,
              21.219621
            ],
            [
              70.5245875,
              21.219621
            ],
            [
              70.5229568,
              21.2198611
            ],
            [
              70.5217551,
              21.2207412
            ],
            [
              70.5161761,
              21.2259418
            ],
            [
              70.5118846,
              21.2247417
            ],
            [
              70.509653,
              21.2267419
            ],
            [
              70.5080222,
              21.2270619
            ],
            [
              70.505104,
              21.2264218
            ],
            [
              70.5039023,
              21.2257018
            ],
            [
              70.5037307,
              21.2242616
            ],
            [
              70.5057906,
              21.2157004
            ],
            [
              70.5093955,
              21.2065786
            ],
            [
              70.5063056,
              21.2059385
            ],
            [
              70.505104,
              21.2069787
            ],
            [
              70.5020141,
              21.2068987
            ],
            [
              70.5009841,
              21.2094592
            ],
            [
              70.5015849,
              21.2107395
            ],
            [
              70.5027007,
              21.2116197
            ],
            [
              70.5027007,
              21.2147403
            ],
            [
              70.4985808,
              21.2199411
            ],
            [
              70.4948043,
              21.2378625
            ],
            [
              70.4901694,
              21.2444225
            ],
            [
              70.4860496,
              21.2469024
            ],
            [
              70.4758357,
              21.2510622
            ],
            [
              70.4743766,
              21.2511421
            ],
            [
              70.471115,
              21.2507422
            ],
            [
              70.467596,
              21.2477823
            ],
            [
              70.466051,
              21.2477024
            ],
            [
              70.4613303,
              21.2481023
            ],
            [
              70.4592704,
              21.2503422
            ],
            [
              70.4579829,
              21.2509022
            ],
            [
              70.4570388,
              21.2496222
            ],
            [
              70.455923,
              21.2470624
            ],
            [
              70.4556655,
              21.2457024
            ],
            [
              70.4556655,
              21.2443425
            ],
            [
              70.4565238,
              21.2433025
            ],
            [
              70.4578113,
              21.2427425
            ],
            [
              70.4622745,
              21.2422625
            ],
            [
              70.4627036,
              21.2407425
            ],
            [
              70.4619311,
              21.2366625
            ],
            [
              70.462017,
              21.2351424
            ],
            [
              70.4628753,
              21.2339424
            ],
            [
              70.4748916,
              21.2287421
            ],
            [
              70.4752349,
              21.2232215
            ],
            [
              70.4821014,
              21.2158605
            ],
            [
              70.4881095,
              21.2171407
            ],
            [
              70.4910277,
              21.2151403
            ],
            [
              70.4918002,
              21.2121798
            ],
            [
              70.4960059,
              21.2091392
            ],
            [
              70.4950618,
              21.2013773
            ],
            [
              70.4871654,
              21.1964159
            ],
            [
              70.4841613,
              21.1963359
            ],
            [
              70.4810714,
              21.1969761
            ],
            [
              70.4797839,
              21.1978563
            ],
            [
              70.478239,
              21.1978563
            ],
            [
              70.4760932,
              21.1999369
            ],
            [
              70.4718017,
              21.2010572
            ],
            [
              70.4676818,
              21.203858
            ],
            [
              70.4646777,
              21.2032978
            ],
            [
              70.4618453,
              21.2020175
            ],
            [
              70.4596995,
              21.1951355
            ],
            [
              70.4610728,
              21.1948154
            ],
            [
              70.4687118,
              21.1958558
            ],
            [
              70.4714583,
              21.1947354
            ],
            [
              70.477209,
              21.193375
            ],
            [
              70.4780673,
              21.1923346
            ],
            [
              70.478239,
              21.1908942
            ],
            [
              70.4759215,
              21.1890535
            ],
            [
              70.4729175,
              21.1890535
            ],
            [
              70.4671668,
              21.190494
            ],
            [
              70.4659652,
              21.1893736
            ],
            [
              70.4657935,
              21.1866527
            ],
            [
              70.4668235,
              21.1856123
            ],
            [
              70.4728316,
              21.1845719
            ],
            [
              70.4742908,
              21.1835315
            ],
            [
              70.4743766,
              21.1802502
            ],
            [
              70.4748916,
              21.1789697
            ],
            [
              70.4758357,
              21.1779292
            ],
            [
              70.4786681,
              21.1778492
            ],
            [
              70.4800414,
              21.1785695
            ],
            [
              70.4809856,
              21.1795299
            ],
            [
              70.4829597,
              21.1817708
            ],
            [
              70.4849338,
              21.1854522
            ],
            [
              70.4861354,
              21.1860925
            ],
            [
              70.4960918,
              21.1858524
            ],
            [
              70.5014879,
              21.1876802
            ],
            [
              70.5028724,
              21.1739275
            ],
            [
              70.5008124,
              21.1697655
            ],
            [
              70.5037307,
              21.1700857
            ],
            [
              70.505104,
              21.1696055
            ],
            [
              70.505104,
              21.1681648
            ],
            [
              70.504074,
              21.1672043
            ],
            [
              70.5010699,
              21.1664839
            ],
            [
              70.4998683,
              21.1656835
            ],
            [
              70.4973792,
              21.1564786
            ],
            [
              70.4924869,
              21.1481536
            ],
            [
              70.4916286,
              21.1444713
            ],
            [
              70.4864059,
              21.1403775
            ],
            [
              70.4809856,
              21.1365459
            ],
            [
              70.4791831,
              21.131182
            ],
            [
              70.4742908,
              21.1289404
            ],
            [
              70.4748058,
              21.1282998
            ],
            [
              70.477252,
              21.1276193
            ],
            [
              70.4774236,
              21.1265785
            ],
            [
              70.4770803,
              21.1244168
            ],
            [
              70.47472,
              21.1242967
            ],
            [
              70.4727888,
              21.1231759
            ],
            [
              70.4729604,
              21.122095
            ],
            [
              70.4790115,
              21.1210141
            ],
            [
              70.482316,
              21.1207739
            ],
            [
              70.4824447,
              21.1193328
            ],
            [
              70.4829597,
              21.1167706
            ],
            [
              70.4818868,
              21.1124469
            ],
            [
              70.4800844,
              21.1121267
            ],
            [
              70.4783678,
              21.1128673
            ],
            [
              70.476737,
              21.1134278
            ],
            [
              70.4748058,
              21.1132877
            ],
            [
              70.4727244,
              21.1132877
            ],
            [
              70.4717209,
              21.1125764
            ]
          ]
        ]
      },
      "properties": {
        "osm_id": "way/1535016225",
        "name": null,
        "zone_type": "forest",
        "source": "osm"
      }
    },
    {
      "type": "Feature",
      "geometry": {
        "type": "Polygon",
        "coordinates": [
          [
            [
              73.2217399,
              21.2686708
            ],
            [
              73.2235938,
              21.2688734
            ],
            [
              73.2249747,
              21.2687781
            ],
            [
              73.2258441,
              21.2691593
            ],
            [
              73.2286314,
              21.2723287
            ],
            [
              73.2297566,
              21.2734248
            ],
            [
              73.2301404,
              21.2740516
            ],
            [
              73.2301223,
              21.2748688
            ],
            [
              73.2297516,
              21.2763178
            ],
            [
              73.2298872,
              21.2773372
            ],
            [
              73.2303393,
              21.2781713
            ],
            [
              73.2307552,
              21.2787357
            ],
            [
              73.2297968,
              21.2794771
            ],
            [
              73.2279163,
              21.2800415
            ],
            [
              73.2237085,
              21.2835037
            ],
            [
              73.2234975,
              21.2823064
            ],
            [
              73.2204673,
              21.2822051
            ],
            [
              73.2206143,
              21.2834859
            ],
            [
              73.2204034,
              21.2842543
            ],
            [
              73.2212217,
              21.2854397
            ],
            [
              73.2184472,
              21.2878074
            ],
            [
              73.2174818,
              21.2876287
            ],
            [
              73.2173348,
              21.2877181
            ],
            [
              73.2176289,
              21.2884031
            ],
            [
              73.2152571,
              21.2903509
            ],
            [
              73.2128214,
              21.2915899
            ],
            [
              73.2126808,
              21.2913933
            ],
            [
              73.2120362,
              21.2913385
            ],
            [
              73.2115661,
              21.2914817
            ],
            [
              73.211774,
              21.2920461
            ],
            [
              73.2077327,
              21.2936845
            ],
            [
              73.2022946,
              21.2958283
            ],
            [
              73.1932051,
              21.2992765
            ],
            [
              73.1912937,
              21.300021
            ],
            [
              73.1911594,
              21.2995504
            ],
            [
              73.1898233,
              21.2999972
            ],
            [
              73.189868,
              21.300569
            ],
            [
              73.1878223,
              21.3012777
            ],
            [
              73.1823372,
              21.3026774
            ],
            [
              73.1782202,
              21.3040294
            ],
            [
              73.1714054,
              21.3061617
            ],
            [
              73.1700565,
              21.3064982
            ],
            [
              73.1698008,
              21.306251
            ],
            [
              73.1698136,
              21.3050747
            ],
            [
              73.1695355,
              21.3049139
            ],
            [
              73.1695323,
              21.3043511
            ],
            [
              73.1679788,
              21.3046578
            ],
            [
              73.1671414,
              21.3046221
            ],
            [
              73.1670678,
              21.3035857
            ],
            [
              73.1674738,
              21.3025464
            ],
            [
              73.168177,
              21.3021116
            ],
            [
              73.1673427,
              21.3016053
            ],
            [
              73.1665596,
              21.301379
            ],
            [
              73.1662591,
              21.3018853
            ],
            [
              73.1659459,
              21.3018882
            ],
            [
              73.1655687,
              21.3013016
            ],
            [
              73.1624873,
              21.3012896
            ],
            [
              73.1617617,
              21.3022516
            ],
            [
              73.1612215,
              21.3033385
            ],
            [
              73.1619312,
              21.3037197
            ],
            [
              73.1620494,
              21.3047382
            ],
            [
              73.1614869,
              21.3048901
            ],
            [
              73.1616307,
              21.3054619
            ],
            [
              73.1635422,
              21.3050062
            ],
            [
              73.1636221,
              21.3054976
            ],
            [
              73.1639385,
              21.3059086
            ],
            [
              73.1634303,
              21.3062987
            ],
            [
              73.1629892,
              21.3059681
            ],
            [
              73.1625385,
              21.3060307
            ],
            [
              73.1616339,
              21.305983
            ],
            [
              73.1609467,
              21.306385
            ],
            [
              73.1599909,
              21.3064595
            ],
            [
              73.1600676,
              21.3083892
            ],
            [
              73.160269,
              21.3092141
            ],
            [
              73.1582521,
              21.3098662
            ],
            [
              73.1572356,
              21.309366
            ],
            [
              73.1570981,
              21.3102266
            ],
            [
              73.1554158,
              21.3107471
            ],
            [
              73.153802,
              21.311143
            ],
            [
              73.1527035,
              21.3112609
            ],
            [
              73.1513383,
              21.3119431
            ],
            [
              73.1448931,
              21.3151352
            ],
            [
              73.1410766,
              21.3169338
            ],
            [
              73.1408624,
              21.3166688
            ],
            [
              73.1395263,
              21.3171958
            ],
            [
              73.1395871,
              21.3176246
            ],
            [
              73.1381774,
              21.318247
            ],
            [
              73.1347349,
              21.3197703
            ],
            [
              73.1346134,
              21.3197554
            ],
            [
              73.1342906,
              21.3188472
            ],
            [
              73.1348995,
              21.3144271
            ],
            [
              73.1355708,
              21.3101926
            ],
            [
              73.1359735,
              21.3065893
            ],
            [
              73.1361845,
              21.305547
            ],
            [
              73.136958,
              21.3038615
            ],
            [
              73.1385499,
              21.3012348
            ],
            [
              73.139317,
              21.2998054
            ],
            [
              73.1400714,
              21.2989179
            ],
            [
              73.1409344,
              21.2982627
            ],
            [
              73.1421299,
              21.2976552
            ],
            [
              73.1434212,
              21.2973157
            ],
            [
              73.1464195,
              21.2973216
            ],
            [
              73.1474488,
              21.2970834
            ],
            [
              73.148657,
              21.2967022
            ],
            [
              73.1498908,
              21.2961423
            ],
            [
              73.153196,
              21.293444
            ],
            [
              73.1569805,
              21.2907993
            ],
            [
              73.1580034,
              21.2904181
            ],
            [
              73.1605158,
              21.2898939
            ],
            [
              73.1671005,
              21.2891732
            ],
            [
              73.1734294,
              21.2885358
            ],
            [
              73.1754112,
              21.2884465
            ],
            [
              73.1780579,
              21.2880712
            ],
            [
              73.1803209,
              21.28713
            ],
            [
              73.1859083,
              21.2848605
            ],
            [
              73.1872572,
              21.2844733
            ],
            [
              73.1924546,
              21.2825195
            ],
            [
              73.1967634,
              21.2811077
            ],
            [
              73.2002859,
              21.2798686
            ],
            [
              73.2005352,
              21.2794933
            ],
            [
              73.2030924,
              21.278427
            ],
            [
              73.2092871,
              21.2759369
            ],
            [
              73.2165878,
              21.273
            ],
            [
              73.2198801,
              21.2715524
            ],
            [
              73.2204171,
              21.2712247
            ],
            [
              73.2209157,
              21.2706647
            ],
            [
              73.2217399,
              21.2686708
            ]
          ]
        ]
      },
      "properties": {
        "osm_id": "way/146919452",
        "name": null,
        "zone_type": "farmland",
        "source": "osm"
      }
    },
    {
      "type": "Feature",
      "geometry": {
        "type": "Polygon",
        "coordinates": [
          [
            [
              73.2164531,
              21.7782551
            ],
            [
              73.2145872,
              21.778772
            ],
            [
              73.2137497,
              21.7789
            ],
            [
              73.2127796,
              21.7792938
            ],
            [
              73.2119686,
              21.7794345
            ],
            [
              73.2106593,
              21.7793163
            ],
            [
              73.2099808,
              21.7793163
            ],
            [
              73.2087085,
              21.7800892
            ],
            [
              73.2079717,
              21.7801728
            ],
            [
              73.2066571,
              21.780035
            ],
            [
              73.2058355,
              21.7796363
            ],
            [
              73.2048601,
              21.7795575
            ],
            [
              73.2038953,
              21.779779
            ],
            [
              73.2028723,
              21.7801581
            ],
            [
              73.2027185,
              21.780542
            ],
            [
              73.2025012,
              21.782068
            ],
            [
              73.2021885,
              21.7833626
            ],
            [
              73.2018545,
              21.7840025
            ],
            [
              73.2010382,
              21.7847704
            ],
            [
              73.1989602,
              21.7855973
            ],
            [
              73.1983718,
              21.7861043
            ],
            [
              73.1981121,
              21.7866261
            ],
            [
              73.1981492,
              21.7871183
            ],
            [
              73.19878,
              21.7876548
            ],
            [
              73.1991617,
              21.7884571
            ],
            [
              73.1991351,
              21.789033
            ],
            [
              73.1990079,
              21.7899436
            ],
            [
              73.198727,
              21.7905343
            ],
            [
              73.1983241,
              21.7908591
            ],
            [
              73.1977092,
              21.7910609
            ],
            [
              73.1967391,
              21.7911938
            ],
            [
              73.1950323,
              21.7911791
            ],
            [
              73.1942583,
              21.790992
            ],
            [
              73.193601,
              21.790741
            ],
            [
              73.1930762,
              21.7908985
            ],
            [
              73.1911096,
              21.7922324
            ],
            [
              73.1907704,
              21.7926016
            ],
            [
              73.1906749,
              21.7929806
            ],
            [
              73.1908923,
              21.7936795
            ],
            [
              73.1922652,
              21.7945408
            ],
            [
              73.1927105,
              21.795038
            ],
            [
              73.1926946,
              21.7954662
            ],
            [
              73.19235,
              21.7958993
            ],
            [
              73.1915125,
              21.7962537
            ],
            [
              73.1902456,
              21.7964407
            ],
            [
              73.1899646,
              21.796298
            ],
            [
              73.1894398,
              21.7951364
            ],
            [
              73.1889044,
              21.7945064
            ],
            [
              73.1884963,
              21.7941471
            ],
            [
              73.1879821,
              21.7941471
            ],
            [
              73.1878019,
              21.7946048
            ],
            [
              73.1876905,
              21.7951512
            ],
            [
              73.1873566,
              21.7954809
            ],
            [
              73.1868583,
              21.795663
            ],
            [
              73.1851037,
              21.7954219
            ],
            [
              73.1844464,
              21.79491
            ],
            [
              73.1839958,
              21.7945507
            ],
            [
              73.1835028,
              21.7944473
            ],
            [
              73.1828614,
              21.7946196
            ],
            [
              73.182554,
              21.7948706
            ],
            [
              73.182342,
              21.7953283
            ],
            [
              73.1821776,
              21.795791
            ],
            [
              73.1817748,
              21.7969673
            ],
            [
              73.1818225,
              21.7975186
            ],
            [
              73.1820504,
              21.797937
            ],
            [
              73.1827819,
              21.7984636
            ],
            [
              73.1829197,
              21.7990444
            ],
            [
              73.1826706,
              21.7994873
            ],
            [
              73.1809743,
              21.8008408
            ],
            [
              73.1794159,
              21.8022878
            ],
            [
              73.1790925,
              21.8028194
            ],
            [
              73.1791667,
              21.8034198
            ],
            [
              73.1793788,
              21.8039267
            ],
            [
              73.1793576,
              21.804473
            ],
            [
              73.1788646,
              21.8048077
            ],
            [
              73.178202,
              21.8047536
            ],
            [
              73.1774863,
              21.8046404
            ],
            [
              73.1767336,
              21.8041728
            ],
            [
              73.1766382,
              21.8036561
            ],
            [
              73.176124,
              21.8025733
            ],
            [
              73.175859,
              21.8016086
            ],
            [
              73.1758325,
              21.8010082
            ],
            [
              73.1758325,
              21.8006538
            ],
            [
              73.1754667,
              21.8003831
            ],
            [
              73.1750479,
              21.8005751
            ],
            [
              73.1747246,
              21.800895
            ],
            [
              73.1738817,
              21.8021205
            ],
            [
              73.1737757,
              21.8025241
            ],
            [
              73.1736962,
              21.803971
            ],
            [
              73.1738499,
              21.8052753
            ],
            [
              73.1736379,
              21.8057035
            ],
            [
              73.1730283,
              21.8060529
            ],
            [
              73.170892,
              21.807052
            ],
            [
              73.1689572,
              21.8080067
            ],
            [
              73.1681674,
              21.8082971
            ],
            [
              73.1674465,
              21.8083611
            ],
            [
              73.1664923,
              21.8080658
            ],
            [
              73.1659622,
              21.8077607
            ],
            [
              73.1654427,
              21.807239
            ],
            [
              73.1653261,
              21.806737
            ],
            [
              73.1654215,
              21.8060283
            ],
            [
              73.1659145,
              21.8053737
            ],
            [
              73.1670436,
              21.8041384
            ],
            [
              73.1683105,
              21.8033165
            ],
            [
              73.1706482,
              21.8026422
            ],
            [
              73.1716766,
              21.8021845
            ],
            [
              73.1726572,
              21.8014118
            ],
            [
              73.1731025,
              21.8005308
            ],
            [
              73.1734312,
              21.799758
            ],
            [
              73.1728481,
              21.7995316
            ],
            [
              73.1708549,
              21.8011411
            ],
            [
              73.1677046,
              21.8035199
            ],
            [
              73.1665721,
              21.8043271
            ],
            [
              73.1646264,
              21.8052802
            ],
            [
              73.162029,
              21.8061464
            ],
            [
              73.1589704,
              21.807554
            ],
            [
              73.1565107,
              21.8088975
            ],
            [
              73.1545759,
              21.8101476
            ],
            [
              73.1532348,
              21.8111811
            ],
            [
              73.151019,
              21.8129922
            ],
            [
              73.1498422,
              21.8140404
            ],
            [
              73.1486972,
              21.8154036
            ],
            [
              73.1477749,
              21.8169193
            ],
            [
              73.1462005,
              21.8197146
            ],
            [
              73.1441385,
              21.8232036
            ],
            [
              73.1438469,
              21.8236809
            ],
            [
              73.1433129,
              21.8237437
            ],
            [
              73.1417955,
              21.8260971
            ],
            [
              73.1405127,
              21.8280556
            ],
            [
              73.1401257,
              21.827972
            ],
            [
              73.139373,
              21.8292858
            ],
            [
              73.1376926,
              21.8321349
            ],
            [
              73.1377104,
              21.834794
            ],
            [
              73.137447,
              21.83717
            ],
            [
              73.1366769,
              21.8398458
            ],
            [
              73.1363392,
              21.8438307
            ],
            [
              73.1369699,
              21.8468858
            ],
            [
              73.138668,
              21.8501041
            ],
            [
              73.1400992,
              21.8514965
            ],
            [
              73.1405445,
              21.8516736
            ],
            [
              73.1418538,
              21.8517524
            ],
            [
              73.1451457,
              21.8512997
            ],
            [
              73.1468654,
              21.8505353
            ],
            [
              73.150363,
              21.8489869
            ],
            [
              73.152164,
              21.8481263
            ],
            [
              73.1563305,
              21.8457105
            ],
            [
              73.1602532,
              21.8430486
            ],
            [
              73.1640274,
              21.8408787
            ],
            [
              73.1661987,
              21.8395213
            ],
            [
              73.1682151,
              21.8384726
            ],
            [
              73.1697736,
              21.8374934
            ],
            [
              73.1726148,
              21.8353727
            ],
            [
              73.1748624,
              21.8339014
            ],
            [
              73.1779104,
              21.832376
            ],
            [
              73.1821458,
              21.8299649
            ],
            [
              73.1832961,
              21.8292957
            ],
            [
              73.1864395,
              21.8278785
            ],
            [
              73.1862222,
              21.8270518
            ],
            [
              73.1860367,
              21.826102
            ],
            [
              73.1872983,
              21.8260331
            ],
            [
              73.1873778,
              21.825354
            ],
            [
              73.1870173,
              21.8248669
            ],
            [
              73.1864872,
              21.824857
            ],
            [
              73.1863282,
              21.8239811
            ],
            [
              73.1865509,
              21.8239516
            ],
            [
              73.1873778,
              21.8245519
            ],
            [
              73.1880616,
              21.8240205
            ],
            [
              73.188703,
              21.8246405
            ],
            [
              73.1891324,
              21.8245716
            ],
            [
              73.1889787,
              21.8233709
            ],
            [
              73.1886341,
              21.8221603
            ],
            [
              73.1894875,
              21.8218651
            ],
            [
              73.1886076,
              21.8196407
            ],
            [
              73.1886235,
              21.8193012
            ],
            [
              73.1881464,
              21.8181152
            ],
            [
              73.1876481,
              21.816939
            ],
            [
              73.1867709,
              21.8147519
            ],
            [
              73.1878167,
              21.8146718
            ],
            [
              73.1878466,
              21.8140768
            ],
            [
              73.189747,
              21.8141429
            ],
            [
              73.1897845,
              21.815079
            ],
            [
              73.1918723,
              21.8150581
            ],
            [
              73.1918835,
              21.8153817
            ],
            [
              73.1920935,
              21.8154722
            ],
            [
              73.1921722,
              21.8161647
            ],
            [
              73.192993,
              21.8161682
            ],
            [
              73.1931017,
              21.8170868
            ],
            [
              73.1934203,
              21.8170207
            ],
            [
              73.1947547,
              21.8157436
            ],
            [
              73.1957293,
              21.8146892
            ],
            [
              73.1957518,
              21.8142403
            ],
            [
              73.1957668,
              21.8116965
            ],
            [
              73.1959242,
              21.8112511
            ],
            [
              73.1972661,
              21.8083557
            ],
            [
              73.1976147,
              21.8074405
            ],
            [
              73.1977459,
              21.806567
            ],
            [
              73.1980045,
              21.8052306
            ],
            [
              73.1982669,
              21.8047016
            ],
            [
              73.1992827,
              21.8034105
            ],
            [
              73.2010873,
              21.8010957
            ],
            [
              73.2026404,
              21.7990483
            ],
            [
              73.203091,
              21.7987234
            ],
            [
              73.2059217,
              21.7967153
            ],
            [
              73.2062609,
              21.7964102
            ],
            [
              73.2063935,
              21.7961493
            ],
            [
              73.2064995,
              21.79579
            ],
            [
              73.2066647,
              21.7948186
            ],
            [
              73.2065666,
              21.7948161
            ],
            [
              73.206397,
              21.7943928
            ],
            [
              73.206556,
              21.7933666
            ],
            [
              73.2062538,
              21.7932854
            ],
            [
              73.2065321,
              21.7917866
            ],
            [
              73.2067919,
              21.7918629
            ],
            [
              73.2073617,
              21.7919515
            ],
            [
              73.2075526,
              21.7918555
            ],
            [
              73.2078335,
              21.791196
            ],
            [
              73.2081622,
              21.7911369
            ],
            [
              73.2082655,
              21.7909105
            ],
            [
              73.2078388,
              21.7898596
            ],
            [
              73.208027,
              21.788826
            ],
            [
              73.2082258,
              21.7883387
            ],
            [
              73.2103965,
              21.7883781
            ],
            [
              73.2111465,
              21.7871869
            ],
            [
              73.2123732,
              21.7853251
            ],
            [
              73.212937,
              21.7846324
            ],
            [
              73.2131544,
              21.7842669
            ],
            [
              73.2132669,
              21.7836334
            ],
            [
              73.2122961,
              21.7832958
            ],
            [
              73.211955,
              21.7826902
            ],
            [
              73.2116551,
              21.7826519
            ],
            [
              73.2114452,
              21.7820393
            ],
            [
              73.2119925,
              21.7817956
            ],
            [
              73.2144701,
              21.7817191
            ],
            [
              73.2144738,
              21.7822586
            ],
            [
              73.2145713,
              21.7822551
            ],
            [
              73.2151298,
              21.7812004
            ],
            [
              73.2158007,
              21.7801597
            ],
            [
              73.2164754,
              21.7789519
            ],
            [
              73.2165241,
              21.7786839
            ],
            [
              73.2164531,
              21.7782551
            ]
          ]
        ]
      },
      "properties": {
        "osm_id": "way/147585547",
        "name": null,
        "zone_type": "farmland",
        "source": "osm"
      }
    },
    {
      "type": "Feature",
      "geometry": {
        "type": "Polygon",
        "coordinates": [
          [
            [
              73.2285345,
              21.7741186
            ],
            [
              73.2323512,
              21.7757136
            ],
            [
              73.2355476,
              21.7769639
            ],
            [
              73.2353515,
              21.7781158
            ],
            [
              73.2351341,
              21.7789625
            ],
            [
              73.2352878,
              21.7793464
            ],
            [
              73.2355794,
              21.7795729
            ],
            [
              73.235537,
              21.7801291
            ],
            [
              73.2350175,
              21.7801143
            ],
            [
              73.2349009,
              21.7804245
            ],
            [
              73.2342489,
              21.7808232
            ],
            [
              73.2355688,
              21.7809856
            ],
            [
              73.235696,
              21.7811727
            ],
            [
              73.2360247,
              21.7811973
            ],
            [
              73.2360618,
              21.7816994
            ],
            [
              73.2364805,
              21.7817535
            ],
            [
              73.2364805,
              21.782167
            ],
            [
              73.2375354,
              21.7820784
            ],
            [
              73.2377103,
              21.7830087
            ],
            [
              73.2385055,
              21.782925
            ],
            [
              73.2384207,
              21.7821325
            ],
            [
              73.2386963,
              21.7818077
            ],
            [
              73.2389985,
              21.7815812
            ],
            [
              73.239677,
              21.7814385
            ],
            [
              73.239237,
              21.7801685
            ],
            [
              73.2397512,
              21.7796516
            ],
            [
              73.2398572,
              21.780641
            ],
            [
              73.2402866,
              21.780518
            ],
            [
              73.2405834,
              21.780006
            ],
            [
              73.2401329,
              21.7788197
            ],
            [
              73.2421578,
              21.7795089
            ],
            [
              73.2452747,
              21.7806115
            ],
            [
              73.2476283,
              21.7814089
            ],
            [
              73.2515404,
              21.7828069
            ],
            [
              73.2555372,
              21.7841458
            ],
            [
              73.257594,
              21.7849481
            ],
            [
              73.258792,
              21.7853025
            ],
            [
              73.2600324,
              21.7855093
            ],
            [
              73.261066,
              21.7855536
            ],
            [
              73.2642678,
              21.7854896
            ],
            [
              73.2680632,
              21.7855536
            ],
            [
              73.2691128,
              21.7857308
            ],
            [
              73.2706182,
              21.7860901
            ],
            [
              73.2754526,
              21.7873945
            ],
            [
              73.2773959,
              21.7879605
            ],
            [
              73.2806634,
              21.7886743
            ],
            [
              73.2848352,
              21.7895849
            ],
            [
              73.2896026,
              21.7905723
            ],
            [
              73.2927036,
              21.7912614
            ],
            [
              73.2930826,
              21.7913598
            ],
            [
              73.2938896,
              21.7915195
            ],
            [
              73.2937836,
              21.7919551
            ],
            [
              73.2929672,
              21.7917705
            ],
            [
              73.2928665,
              21.7924891
            ],
            [
              73.2941096,
              21.7924251
            ],
            [
              73.2942474,
              21.7938476
            ],
            [
              73.2951326,
              21.7938255
            ],
            [
              73.2951856,
              21.7924645
            ],
            [
              73.2963465,
              21.7927746
            ],
            [
              73.296381,
              21.7931068
            ],
            [
              73.2966169,
              21.7931192
            ],
            [
              73.2967097,
              21.7942364
            ],
            [
              73.2959039,
              21.7943054
            ],
            [
              73.2950849,
              21.7943127
            ],
            [
              73.2939161,
              21.7943103
            ],
            [
              73.2939426,
              21.7946745
            ],
            [
              73.2953897,
              21.7947163
            ],
            [
              73.295403,
              21.7951126
            ],
            [
              73.2953977,
              21.7955309
            ],
            [
              73.2956813,
              21.7966384
            ],
            [
              73.2962644,
              21.7966014
            ],
            [
              73.2963333,
              21.7960207
            ],
            [
              73.2974491,
              21.7959148
            ],
            [
              73.2975498,
              21.7969534
            ],
            [
              73.2971894,
              21.7975366
            ],
            [
              73.2953765,
              21.797763
            ],
            [
              73.294258,
              21.7980509
            ],
            [
              73.2942686,
              21.7991239
            ],
            [
              73.2945813,
              21.799274
            ],
            [
              73.2944541,
              21.8001452
            ],
            [
              73.2949922,
              21.8002608
            ],
            [
              73.2951247,
              21.7994783
            ],
            [
              73.2952519,
              21.7994414
            ],
            [
              73.2955541,
              21.7999606
            ],
            [
              73.2959145,
              21.7998622
            ],
            [
              73.296002,
              21.799434
            ],
            [
              73.2964632,
              21.7994266
            ],
            [
              73.2965215,
              21.7996998
            ],
            [
              73.2970065,
              21.7996653
            ],
            [
              73.2971655,
              21.8003568
            ],
            [
              73.2973829,
              21.8003297
            ],
            [
              73.2974836,
              21.8016857
            ],
            [
              73.2980057,
              21.8016537
            ],
            [
              73.2981223,
              21.8020302
            ],
            [
              73.2989516,
              21.8050235
            ],
            [
              73.2990078,
              21.8052845
            ],
            [
              73.2989666,
              21.8055629
            ],
            [
              73.2988317,
              21.8059387
            ],
            [
              73.2982207,
              21.8073238
            ],
            [
              73.2981157,
              21.8077553
            ],
            [
              73.2981532,
              21.809457
            ],
            [
              73.2982094,
              21.810863
            ],
            [
              73.2981457,
              21.811632
            ],
            [
              73.2980146,
              21.8121524
            ],
            [
              73.2975746,
              21.8128021
            ],
            [
              73.2966841,
              21.8140619
            ],
            [
              73.2952899,
              21.8175363
            ],
            [
              73.2942192,
              21.8175708
            ],
            [
              73.2942351,
              21.8188257
            ],
            [
              73.2939064,
              21.8187961
            ],
            [
              73.293477,
              21.8191455
            ],
            [
              73.29353,
              21.8200166
            ],
            [
              73.293106,
              21.8201248
            ],
            [
              73.2929894,
              21.8203561
            ],
            [
              73.2931007,
              21.8205874
            ],
            [
              73.2938852,
              21.820612
            ],
            [
              73.2945743,
              21.8204496
            ],
            [
              73.2948129,
              21.8204939
            ],
            [
              73.2944577,
              21.8221228
            ],
            [
              73.2943464,
              21.8237763
            ],
            [
              73.2944206,
              21.8265812
            ],
            [
              73.2946114,
              21.8281362
            ],
            [
              73.2951097,
              21.8296567
            ],
            [
              73.2958571,
              21.8315364
            ],
            [
              73.2952157,
              21.8316545
            ],
            [
              73.295327,
              21.8320039
            ],
            [
              73.2947811,
              21.8321466
            ],
            [
              73.2944948,
              21.8309312
            ],
            [
              73.2939594,
              21.8310788
            ],
            [
              73.2937156,
              21.8306507
            ],
            [
              73.2926448,
              21.8305572
            ],
            [
              73.2921094,
              21.8305621
            ],
            [
              73.2918815,
              21.830941
            ],
            [
              73.2918656,
              21.8314675
            ],
            [
              73.2918391,
              21.8324812
            ],
            [
              73.2909962,
              21.832929
            ],
            [
              73.2900739,
              21.8336622
            ],
            [
              73.2895915,
              21.8336966
            ],
            [
              73.2891409,
              21.8333718
            ],
            [
              73.2890084,
              21.8325403
            ],
            [
              73.2890826,
              21.8313445
            ],
            [
              73.2901852,
              21.8310394
            ],
            [
              73.2903283,
              21.8302374
            ],
            [
              73.2895385,
              21.8301685
            ],
            [
              73.2894961,
              21.8296961
            ],
            [
              73.2902912,
              21.8294894
            ],
            [
              73.2904343,
              21.828707
            ],
            [
              73.2894855,
              21.8277081
            ],
            [
              73.2890614,
              21.8277425
            ],
            [
              73.2891727,
              21.8285791
            ],
            [
              73.2895491,
              21.8285643
            ],
            [
              73.2895809,
              21.8290219
            ],
            [
              73.2888494,
              21.8290761
            ],
            [
              73.2883935,
              21.8294008
            ],
            [
              73.2883935,
              21.8297059
            ],
            [
              73.287927,
              21.8297158
            ],
            [
              73.2876037,
              21.8295485
            ],
            [
              73.2870312,
              21.8294599
            ],
            [
              73.2870365,
              21.8289087
            ],
            [
              73.2862678,
              21.8288103
            ],
            [
              73.2856423,
              21.8288891
            ],
            [
              73.2855204,
              21.8291843
            ],
            [
              73.285319,
              21.8294697
            ],
            [
              73.2853243,
              21.8299323
            ],
            [
              73.2850115,
              21.8299175
            ],
            [
              73.2849055,
              21.8293073
            ],
            [
              73.2845344,
              21.8291991
            ],
            [
              73.2845397,
              21.8293811
            ],
            [
              73.2847783,
              21.8300701
            ],
            [
              73.284545,
              21.8307344
            ],
            [
              73.2843383,
              21.8318907
            ],
            [
              73.2840309,
              21.8327125
            ],
            [
              73.2833364,
              21.8325944
            ],
            [
              73.2821597,
              21.8318218
            ],
            [
              73.2808503,
              21.831256
            ],
            [
              73.279981,
              21.831128
            ],
            [
              73.2791806,
              21.8314675
            ],
            [
              73.2785816,
              21.8319153
            ],
            [
              73.2779879,
              21.8320187
            ],
            [
              73.2771556,
              21.8315906
            ],
            [
              73.2761644,
              21.8311625
            ],
            [
              73.2755601,
              21.8313888
            ],
            [
              73.2749982,
              21.8319596
            ],
            [
              73.2748338,
              21.8323434
            ],
            [
              73.2749133,
              21.832929
            ],
            [
              73.2752208,
              21.8336572
            ],
            [
              73.2757297,
              21.8339525
            ],
            [
              73.276334,
              21.8343511
            ],
            [
              73.2765566,
              21.8348283
            ],
            [
              73.2766679,
              21.8355861
            ],
            [
              73.2766255,
              21.8360683
            ],
            [
              73.2765301,
              21.8361618
            ],
            [
              73.2760848,
              21.8360585
            ],
            [
              73.2758039,
              21.8356058
            ],
            [
              73.2750141,
              21.8345626
            ],
            [
              73.2743249,
              21.8342625
            ],
            [
              73.2737153,
              21.8342772
            ],
            [
              73.2730845,
              21.8345528
            ],
            [
              73.2728089,
              21.8350203
            ],
            [
              73.2727612,
              21.8356009
            ],
            [
              73.2724643,
              21.836521
            ],
            [
              73.2719395,
              21.8370475
            ],
            [
              73.2714413,
              21.8376527
            ],
            [
              73.2714413,
              21.8381645
            ],
            [
              73.2716745,
              21.8387746
            ],
            [
              73.2722364,
              21.8392716
            ],
            [
              73.2724855,
              21.8397341
            ],
            [
              73.2724961,
              21.8403787
            ],
            [
              73.2722788,
              21.8409101
            ],
            [
              73.2716215,
              21.8411413
            ],
            [
              73.2707946,
              21.8408363
            ],
            [
              73.2695117,
              21.8397144
            ],
            [
              73.2689127,
              21.8393454
            ],
            [
              73.2682925,
              21.8392617
            ],
            [
              73.2678314,
              21.8394979
            ],
            [
              73.26772,
              21.8399408
            ],
            [
              73.2678844,
              21.8405312
            ],
            [
              73.2682077,
              21.8410478
            ],
            [
              73.2684304,
              21.8414759
            ],
            [
              73.2683402,
              21.8417318
            ],
            [
              73.2681759,
              21.8418548
            ],
            [
              73.2674815,
              21.8417023
            ],
            [
              73.2672748,
              21.8414907
            ],
            [
              73.2668083,
              21.8409101
            ],
            [
              73.2657322,
              21.8397833
            ],
            [
              73.2651332,
              21.8393651
            ],
            [
              73.2648311,
              21.8389075
            ],
            [
              73.2649424,
              21.8379873
            ],
            [
              73.2651014,
              21.837141
            ],
            [
              73.2649106,
              21.8363882
            ],
            [
              73.2643752,
              21.8356058
            ],
            [
              73.2637444,
              21.8352909
            ],
            [
              73.2628803,
              21.8353302
            ],
            [
              73.2622813,
              21.8358272
            ],
            [
              73.2616982,
              21.8368999
            ],
            [
              73.2611523,
              21.8386418
            ],
            [
              73.2607494,
              21.8392667
            ],
            [
              73.259721,
              21.8402458
            ],
            [
              73.2591379,
              21.8406739
            ],
            [
              73.2586025,
              21.8408707
            ],
            [
              73.2579399,
              21.8407871
            ],
            [
              73.2576961,
              21.8397489
            ],
            [
              73.257712,
              21.8389025
            ],
            [
              73.2576272,
              21.8381202
            ],
            [
              73.2572296,
              21.8373329
            ],
            [
              73.2565299,
              21.8368359
            ],
            [
              73.255422,
              21.8362947
            ],
            [
              73.2547276,
              21.8358321
            ],
            [
              73.2537469,
              21.8348874
            ],
            [
              73.25292,
              21.8340411
            ],
            [
              73.2522627,
              21.8337507
            ],
            [
              73.2515524,
              21.8338196
            ],
            [
              73.2511442,
              21.8341247
            ],
            [
              73.250842,
              21.834848
            ],
            [
              73.2508102,
              21.8355123
            ],
            [
              73.251123,
              21.8360388
            ],
            [
              73.2516001,
              21.8363488
            ],
            [
              73.2522839,
              21.8362012
            ],
            [
              73.2529041,
              21.8364718
            ],
            [
              73.2533494,
              21.8371066
            ],
            [
              73.2539855,
              21.8381989
            ],
            [
              73.2540067,
              21.8387254
            ],
            [
              73.2537204,
              21.8393159
            ],
            [
              73.2529412,
              21.8399162
            ],
            [
              73.2519181,
              21.840856
            ],
            [
              73.2518863,
              21.8413037
            ],
            [
              73.2522415,
              21.8418351
            ],
            [
              73.2528193,
              21.8421894
            ],
            [
              73.2535826,
              21.8424403
            ],
            [
              73.2552047,
              21.8428339
            ],
            [
              73.2558037,
              21.8431833
            ],
            [
              73.2560422,
              21.8436605
            ],
            [
              73.2559309,
              21.8439508
            ],
            [
              73.2556552,
              21.8440985
            ],
            [
              73.2545633,
              21.8441772
            ],
            [
              73.2531479,
              21.843818
            ],
            [
              73.2517909,
              21.8437688
            ],
            [
              73.248992,
              21.8440493
            ],
            [
              73.2478629,
              21.8438524
            ],
            [
              73.2464741,
              21.8433407
            ],
            [
              73.24605,
              21.8426224
            ],
            [
              73.2453503,
              21.8414464
            ],
            [
              73.2446188,
              21.840979
            ],
            [
              73.2428324,
              21.8393552
            ],
            [
              73.2413057,
              21.8379234
            ],
            [
              73.2389946,
              21.836029
            ],
            [
              73.2364554,
              21.8338885
            ],
            [
              73.2331795,
              21.8307491
            ],
            [
              73.2311015,
              21.8290888
            ],
            [
              73.2285932,
              21.8270654
            ],
            [
              73.2261344,
              21.8253395
            ],
            [
              73.2239304,
              21.8241564
            ],
            [
              73.2203995,
              21.8227158
            ],
            [
              73.2192825,
              21.8222287
            ],
            [
              73.2164713,
              21.8219155
            ],
            [
              73.2143572,
              21.8213866
            ],
            [
              73.2118309,
              21.8209412
            ],
            [
              73.2085024,
              21.8207324
            ],
            [
              73.2055787,
              21.820635
            ],
            [
              73.2033672,
              21.8207463
            ],
            [
              73.2012832,
              21.8209969
            ],
            [
              73.1988093,
              21.8214701
            ],
            [
              73.1987493,
              21.8209273
            ],
            [
              73.1983145,
              21.8193823
            ],
            [
              73.1980222,
              21.8186097
            ],
            [
              73.1966503,
              21.8187072
            ],
            [
              73.1965229,
              21.8195423
            ],
            [
              73.1947537,
              21.8197094
            ],
            [
              73.1947012,
              21.8199738
            ],
            [
              73.1942214,
              21.8199599
            ],
            [
              73.1948361,
              21.8190064
            ],
            [
              73.1955633,
              21.817879
            ],
            [
              73.1959906,
              21.8168072
            ],
            [
              73.1959306,
              21.8164453
            ],
            [
              73.1956008,
              21.8165427
            ],
            [
              73.1936667,
              21.8170021
            ],
            [
              73.1957957,
              21.8149559
            ],
            [
              73.1959831,
              21.814601
            ],
            [
              73.1959831,
              21.8118101
            ],
            [
              73.1964104,
              21.8106895
            ],
            [
              73.1978329,
              21.8075297
            ],
            [
              73.1981881,
              21.8054085
            ],
            [
              73.1984266,
              21.8048622
            ],
            [
              73.200282,
              21.8024358
            ],
            [
              73.2027787,
              21.7992268
            ],
            [
              73.2040721,
              21.7982523
            ],
            [
              73.2064575,
              21.7965739
            ],
            [
              73.2066589,
              21.7960424
            ],
            [
              73.2069611,
              21.7942114
            ],
            [
              73.2071943,
              21.7942114
            ],
            [
              73.2077032,
              21.7963525
            ],
            [
              73.2082757,
              21.7961457
            ],
            [
              73.2079947,
              21.7950334
            ],
            [
              73.2081432,
              21.7935765
            ],
            [
              73.2082545,
              21.7934534
            ],
            [
              73.2086361,
              21.7936601
            ],
            [
              73.2087104,
              21.7943738
            ],
            [
              73.2093465,
              21.7943443
            ],
            [
              73.2093412,
              21.793542
            ],
            [
              73.2103642,
              21.7931482
            ],
            [
              73.2103801,
              21.7930104
            ],
            [
              73.210571,
              21.792976
            ],
            [
              73.2106823,
              21.7922623
            ],
            [
              73.2124157,
              21.7922574
            ],
            [
              73.2123415,
              21.7907906
            ],
            [
              73.213566,
              21.790382
            ],
            [
              73.2133857,
              21.7898603
            ],
            [
              73.2126224,
              21.7896388
            ],
            [
              73.2113873,
              21.7901113
            ],
            [
              73.2103112,
              21.7900867
            ],
            [
              73.2100409,
              21.7899883
            ],
            [
              73.210184,
              21.7896683
            ],
            [
              73.2105869,
              21.788743
            ],
            [
              73.2104278,
              21.7885756
            ],
            [
              73.2118644,
              21.7864541
            ],
            [
              73.2132691,
              21.784559
            ],
            [
              73.2134387,
              21.7839831
            ],
            [
              73.2137038,
              21.7833038
            ],
            [
              73.2141438,
              21.782979
            ],
            [
              73.2144247,
              21.782787
            ],
            [
              73.2145996,
              21.7825606
            ],
            [
              73.2164284,
              21.7794299
            ],
            [
              73.2166706,
              21.7789454
            ],
            [
              73.2169887,
              21.778276
            ],
            [
              73.2173332,
              21.7777542
            ],
            [
              73.2179428,
              21.7773653
            ],
            [
              73.2187486,
              21.7770749
            ],
            [
              73.2199678,
              21.7765482
            ],
            [
              73.2210067,
              21.7756867
            ],
            [
              73.2215845,
              21.7753667
            ],
            [
              73.2220987,
              21.7751255
            ],
            [
              73.2226394,
              21.7749926
            ],
            [
              73.2229469,
              21.7750566
            ],
            [
              73.2235936,
              21.7754209
            ],
            [
              73.2244364,
              21.7757212
            ],
            [
              73.2254701,
              21.7759131
            ],
            [
              73.2265674,
              21.7759771
            ],
            [
              73.2273466,
              21.7759131
            ],
            [
              73.2276912,
              21.7756227
            ],
            [
              73.2280039,
              21.7747809
            ],
            [
              73.2282849,
              21.7743625
            ],
            [
              73.2285345,
              21.7741186
            ]
          ]
        ]
      },
      "properties": {
        "osm_id": "way/147585567",
        "name": null,
        "zone_type": "farmland",
        "source": "osm"
      }
    },
    {
      "type": "Feature",
      "geometry": {
        "type": "Polygon",
        "coordinates": [
          [
            [
              73.3043519,
              21.7935513
            ],
            [
              73.3100404,
              21.7962457
            ],
            [
              73.3129423,
              21.7978994
            ],
            [
              73.3153988,
              21.7993179
            ],
            [
              73.3187152,
              21.7998026
            ],
            [
              73.3203427,
              21.8004441
            ],
            [
              73.3227225,
              21.8017342
            ],
            [
              73.3304607,
              21.8056615
            ],
            [
              73.3381298,
              21.8093891
            ],
            [
              73.3437108,
              21.8117554
            ],
            [
              73.3476797,
              21.8128886
            ],
            [
              73.3495682,
              21.8137011
            ],
            [
              73.3505201,
              21.8141501
            ],
            [
              73.3523855,
              21.8142071
            ],
            [
              73.3559169,
              21.8131309
            ],
            [
              73.3565464,
              21.8130668
            ],
            [
              73.3565387,
              21.8143069
            ],
            [
              73.3569993,
              21.8146989
            ],
            [
              73.3571144,
              21.8156824
            ],
            [
              73.3568304,
              21.8161813
            ],
            [
              73.3563391,
              21.8168797
            ],
            [
              73.3562316,
              21.8173216
            ],
            [
              73.3566845,
              21.8175995
            ],
            [
              73.3565464,
              21.8186686
            ],
            [
              73.3571835,
              21.8186543
            ],
            [
              73.3571451,
              21.8199443
            ],
            [
              73.356815,
              21.820265
            ],
            [
              73.3561472,
              21.8201866
            ],
            [
              73.3559399,
              21.8213482
            ],
            [
              73.3564849,
              21.8214979
            ],
            [
              73.3562316,
              21.8221963
            ],
            [
              73.3554102,
              21.8228235
            ],
            [
              73.3539607,
              21.8255401
            ],
            [
              73.3533147,
              21.8263514
            ],
            [
              73.3526579,
              21.8280042
            ],
            [
              73.3522453,
              21.8288055
            ],
            [
              73.351176,
              21.832746
            ],
            [
              73.3509426,
              21.8341518
            ],
            [
              73.3507363,
              21.8346305
            ],
            [
              73.3502586,
              21.8349732
            ],
            [
              73.3492652,
              21.8356181
            ],
            [
              73.3490209,
              21.835996
            ],
            [
              73.3486844,
              21.8367116
            ],
            [
              73.3482501,
              21.8373263
            ],
            [
              73.3479678,
              21.8380468
            ],
            [
              73.3478321,
              21.838455
            ],
            [
              73.3471536,
              21.8392713
            ],
            [
              73.3451668,
              21.8393065
            ],
            [
              73.3450908,
              21.8388833
            ],
            [
              73.342697,
              21.8389437
            ],
            [
              73.3429467,
              21.8403294
            ],
            [
              73.3428435,
              21.8420324
            ],
            [
              73.3422898,
              21.8426371
            ],
            [
              73.3422138,
              21.8429747
            ],
            [
              73.3414376,
              21.8429293
            ],
            [
              73.341253,
              21.8437002
            ],
            [
              73.3407916,
              21.8447684
            ],
            [
              73.3408839,
              21.8461237
            ],
            [
              73.341633,
              21.8462094
            ],
            [
              73.3418556,
              21.8465923
            ],
            [
              73.3423441,
              21.8466074
            ],
            [
              73.342431,
              21.8464966
            ],
            [
              73.3435655,
              21.8465319
            ],
            [
              73.3436198,
              21.8467032
            ],
            [
              73.345612,
              21.8466881
            ],
            [
              73.3464154,
              21.8466528
            ],
            [
              73.347197,
              21.8473985
            ],
            [
              73.3510566,
              21.8498975
            ],
            [
              73.3538901,
              21.8518272
            ],
            [
              73.3554046,
              21.8532732
            ],
            [
              73.3580645,
              21.8558426
            ],
            [
              73.361582,
              21.8591476
            ],
            [
              73.3633354,
              21.8608404
            ],
            [
              73.3636991,
              21.8613492
            ],
            [
              73.3638565,
              21.8616464
            ],
            [
              73.3636231,
              21.8617271
            ],
            [
              73.3634494,
              21.8626943
            ],
            [
              73.3645187,
              21.8628908
            ],
            [
              73.3646219,
              21.8635659
            ],
            [
              73.3658487,
              21.863712
            ],
            [
              73.365979,
              21.8629412
            ],
            [
              73.3666629,
              21.862921
            ],
            [
              73.3669072,
              21.8637724
            ],
            [
              73.3682968,
              21.8644223
            ],
            [
              73.3693499,
              21.86478
            ],
            [
              73.3694422,
              21.8649614
            ],
            [
              73.3694531,
              21.8653241
            ],
            [
              73.370593,
              21.8687094
            ],
            [
              73.3713367,
              21.8707698
            ],
            [
              73.3717004,
              21.8712786
            ],
            [
              73.3719284,
              21.871727
            ],
            [
              73.3721129,
              21.8724272
            ],
            [
              73.3724495,
              21.8731073
            ],
            [
              73.3739586,
              21.8761701
            ],
            [
              73.3742016,
              21.8768285
            ],
            [
              73.3717046,
              21.8771609
            ],
            [
              73.3690664,
              21.8774178
            ],
            [
              73.3675954,
              21.877443
            ],
            [
              73.3653209,
              21.8772466
            ],
            [
              73.3612442,
              21.8755792
            ],
            [
              73.3605223,
              21.8755993
            ],
            [
              73.3598872,
              21.8757303
            ],
            [
              73.3576181,
              21.8764557
            ],
            [
              73.3559788,
              21.8768688
            ],
            [
              73.3558892,
              21.8765098
            ],
            [
              73.355227,
              21.8765829
            ],
            [
              73.3552145,
              21.8767797
            ],
            [
              73.3544622,
              21.8767904
            ],
            [
              73.3538595,
              21.8770183
            ],
            [
              73.3531458,
              21.8781488
            ],
            [
              73.3527659,
              21.8778365
            ],
            [
              73.3515282,
              21.8783755
            ],
            [
              73.3507737,
              21.8784208
            ],
            [
              73.3504534,
              21.8794232
            ],
            [
              73.3503231,
              21.8783755
            ],
            [
              73.3505891,
              21.8779876
            ],
            [
              73.349232,
              21.8767837
            ],
            [
              73.3479944,
              21.8760885
            ],
            [
              73.3458773,
              21.876018
            ],
            [
              73.344162,
              21.8753027
            ],
            [
              73.339714,
              21.8738124
            ],
            [
              73.3361422,
              21.872815
            ],
            [
              73.3338948,
              21.8725934
            ],
            [
              73.3301493,
              21.8728956
            ],
            [
              73.3275872,
              21.8732432
            ],
            [
              73.3259044,
              21.8737671
            ],
            [
              73.3211383,
              21.8757519
            ],
            [
              73.3150803,
              21.8784519
            ],
            [
              73.3116605,
              21.8805021
            ],
            [
              73.3078173,
              21.8828242
            ],
            [
              73.302655,
              21.8858806
            ],
            [
              73.3023021,
              21.8847371
            ],
            [
              73.3026278,
              21.8842082
            ],
            [
              73.3029318,
              21.8829087
            ],
            [
              73.3025193,
              21.8828331
            ],
            [
              73.3019493,
              21.8802389
            ],
            [
              73.3012165,
              21.8804858
            ],
            [
              73.3013847,
              21.8813068
            ],
            [
              73.3007225,
              21.881468
            ],
            [
              73.3008691,
              21.8808887
            ],
            [
              73.3000331,
              21.8798813
            ],
            [
              73.2996151,
              21.8790803
            ],
            [
              73.2990397,
              21.8786723
            ],
            [
              73.2986489,
              21.8786774
            ],
            [
              73.2986055,
              21.8789796
            ],
            [
              73.2976121,
              21.8794984
            ],
            [
              73.2974709,
              21.8784859
            ],
            [
              73.2976501,
              21.8781585
            ],
            [
              73.2988714,
              21.8780225
            ],
            [
              73.2996694,
              21.8784255
            ],
            [
              73.3001417,
              21.878365
            ],
            [
              73.3001742,
              21.8775238
            ],
            [
              73.299702,
              21.8775943
            ],
            [
              73.2994123,
              21.8766468
            ],
            [
              73.2990822,
              21.8759415
            ],
            [
              73.2978194,
              21.8754856
            ],
            [
              73.2978117,
              21.8762086
            ],
            [
              73.2981456,
              21.8764687
            ],
            [
              73.297923,
              21.8770706
            ],
            [
              73.2967753,
              21.8768249
            ],
            [
              73.2958119,
              21.8760626
            ],
            [
              73.2953398,
              21.8773592
            ],
            [
              73.2959501,
              21.8779825
            ],
            [
              73.2961343,
              21.8786628
            ],
            [
              73.2960115,
              21.8795533
            ],
            [
              73.2959155,
              21.8801232
            ],
            [
              73.2955394,
              21.879735
            ],
            [
              73.295286,
              21.8785845
            ],
            [
              73.2946719,
              21.8780858
            ],
            [
              73.294146,
              21.8779718
            ],
            [
              73.293862,
              21.8776904
            ],
            [
              73.2932939,
              21.8777902
            ],
            [
              73.2936816,
              21.8773699
            ],
            [
              73.2929561,
              21.8770315
            ],
            [
              73.293244,
              21.8761873
            ],
            [
              73.2933976,
              21.8759308
            ],
            [
              73.2941192,
              21.8759593
            ],
            [
              73.2941921,
              21.8756459
            ],
            [
              73.2933285,
              21.8748871
            ],
            [
              73.2923919,
              21.8748729
            ],
            [
              73.2920695,
              21.8750118
            ],
            [
              73.2917394,
              21.873327
            ],
            [
              73.2924572,
              21.8731417
            ],
            [
              73.2925531,
              21.8723723
            ],
            [
              73.2935856,
              21.8722192
            ],
            [
              73.2935818,
              21.8714034
            ],
            [
              73.2941844,
              21.8712147
            ],
            [
              73.2950711,
              21.8716849
            ],
            [
              73.2960691,
              21.8712788
            ],
            [
              73.2961151,
              21.8708264
            ],
            [
              73.2947103,
              21.8704987
            ],
            [
              73.2935396,
              21.8704025
            ],
            [
              73.293102,
              21.870577
            ],
            [
              73.2926644,
              21.8708941
            ],
            [
              73.2921961,
              21.8707266
            ],
            [
              73.2914937,
              21.8707587
            ],
            [
              73.2912557,
              21.8703099
            ],
            [
              73.2906224,
              21.8700605
            ],
            [
              73.2906493,
              21.8697007
            ],
            [
              73.2909776,
              21.8691718
            ],
            [
              73.2917048,
              21.8672143
            ],
            [
              73.291895,
              21.866757
            ],
            [
              73.2920792,
              21.865268
            ],
            [
              73.292179,
              21.8649011
            ],
            [
              73.2940982,
              21.8630736
            ],
            [
              73.295434,
              21.8617769
            ],
            [
              73.2959944,
              21.8608471
            ],
            [
              73.2970077,
              21.858984
            ],
            [
              73.2978061,
              21.8574094
            ],
            [
              73.2988501,
              21.8552862
            ],
            [
              73.2999786,
              21.8529242
            ],
            [
              73.3000746,
              21.8521689
            ],
            [
              73.3002089,
              21.8509042
            ],
            [
              73.2998213,
              21.8496181
            ],
            [
              73.2987619,
              21.8460981
            ],
            [
              73.2981093,
              21.8440638
            ],
            [
              73.2978483,
              21.8435009
            ],
            [
              73.2969463,
              21.8424534
            ],
            [
              73.2971881,
              21.8424855
            ],
            [
              73.2973493,
              21.8419617
            ],
            [
              73.2967621,
              21.8418085
            ],
            [
              73.2965318,
              21.8414701
            ],
            [
              73.2964166,
              21.8408964
            ],
            [
              73.2960481,
              21.8408964
            ],
            [
              73.2960021,
              21.8403585
            ],
            [
              73.2958447,
              21.8401411
            ],
            [
              73.295933,
              21.839368
            ],
            [
              73.2961402,
              21.8387872
            ],
            [
              73.2960021,
              21.8379891
            ],
            [
              73.2957594,
              21.8373772
            ],
            [
              73.2961781,
              21.8359007
            ],
            [
              73.296347,
              21.8335634
            ],
            [
              73.2964007,
              21.8325835
            ],
            [
              73.296205,
              21.8318139
            ],
            [
              73.2951264,
              21.8290275
            ],
            [
              73.2948654,
              21.8282686
            ],
            [
              73.2948193,
              21.8279265
            ],
            [
              73.2946118,
              21.8240456
            ],
            [
              73.2948072,
              21.8220399
            ],
            [
              73.2950298,
              21.8207851
            ],
            [
              73.2953501,
              21.819364
            ],
            [
              73.2955889,
              21.8176103
            ],
            [
              73.2958495,
              21.8169199
            ],
            [
              73.2965117,
              21.8151308
            ],
            [
              73.2970165,
              21.8139818
            ],
            [
              73.297326,
              21.8135005
            ],
            [
              73.2980941,
              21.8124094
            ],
            [
              73.2982243,
              21.8120491
            ],
            [
              73.2983492,
              21.8107463
            ],
            [
              73.2983411,
              21.8103028
            ],
            [
              73.2982793,
              21.8077532
            ],
            [
              73.298377,
              21.8073601
            ],
            [
              73.2990745,
              21.8058834
            ],
            [
              73.2992537,
              21.8053946
            ],
            [
              73.299289,
              21.8046713
            ],
            [
              73.2994192,
              21.803933
            ],
            [
              73.2988004,
              21.8030762
            ],
            [
              73.298301,
              21.8020531
            ],
            [
              73.2988842,
              21.8019863
            ],
            [
              73.2988228,
              21.8007104
            ],
            [
              73.2989725,
              21.800657
            ],
            [
              73.2990186,
              21.7999335
            ],
            [
              73.298416,
              21.800069
            ],
            [
              73.2982356,
              21.7997838
            ],
            [
              73.2980897,
              21.7992956
            ],
            [
              73.2981051,
              21.7988394
            ],
            [
              73.2995867,
              21.7986648
            ],
            [
              73.2996941,
              21.797927
            ],
            [
              73.299982,
              21.7972249
            ],
            [
              73.3007305,
              21.7972107
            ],
            [
              73.3006537,
              21.7980268
            ],
            [
              73.3005731,
              21.7984937
            ],
            [
              73.3001164,
              21.7984509
            ],
            [
              73.2999475,
              21.7996163
            ],
            [
              73.3000281,
              21.800632
            ],
            [
              73.2999782,
              21.8010633
            ],
            [
              73.29984,
              21.8011417
            ],
            [
              73.2999168,
              21.801776
            ],
            [
              73.300815,
              21.8018224
            ],
            [
              73.3006614,
              21.8009849
            ],
            [
              73.3006384,
              21.8004824
            ],
            [
              73.3008725,
              21.7989891
            ],
            [
              73.3012257,
              21.7984866
            ],
            [
              73.3022121,
              21.7985115
            ],
            [
              73.3024079,
              21.798034
            ],
            [
              73.3027533,
              21.7980553
            ],
            [
              73.3027303,
              21.7965478
            ],
            [
              73.3026036,
              21.7956105
            ],
            [
              73.302619,
              21.7947301
            ],
            [
              73.3028531,
              21.7941563
            ],
            [
              73.3032907,
              21.7938249
            ],
            [
              73.3039701,
              21.7936681
            ],
            [
              73.3043519,
              21.7935513
            ]
          ]
        ]
      },
      "properties": {
        "osm_id": "way/147667272",
        "name": null,
        "zone_type": "farmland",
        "source": "osm"
      }
    },
    {
      "type": "Feature",
      "geometry": {
        "type": "Polygon",
        "coordinates": [
          [
            [
              74.1471998,
              20.0130731
            ],
            [
              74.1502897,
              20.0102907
            ],
            [
              74.1508047,
              20.0068631
            ],
            [
              74.1502575,
              19.9995741
            ],
            [
              74.1502797,
              19.9988883
            ],
            [
              74.1508906,
              19.994886
            ],
            [
              74.1515772,
              19.9935954
            ],
            [
              74.1532595,
              19.9923815
            ],
            [
              74.1556198,
              19.9908893
            ],
            [
              74.1577227,
              19.9901634
            ],
            [
              74.1590445,
              19.9895625
            ],
            [
              74.161319,
              19.9889979
            ],
            [
              74.1628725,
              19.9887922
            ],
            [
              74.1654389,
              19.9888769
            ],
            [
              74.1672499,
              19.9895585
            ],
            [
              74.1682925,
              19.9908116
            ],
            [
              74.168551,
              19.9912158
            ],
            [
              74.1688084,
              19.9914678
            ],
            [
              74.1711849,
              19.9932322
            ],
            [
              74.1716891,
              19.9935397
            ],
            [
              74.1720885,
              19.9937427
            ],
            [
              74.1733092,
              19.9941094
            ],
            [
              74.1757822,
              19.9946337
            ],
            [
              74.176442,
              19.9946941
            ],
            [
              74.1773432,
              19.9946589
            ],
            [
              74.1780084,
              19.9945984
            ],
            [
              74.1781372,
              19.9946034
            ],
            [
              74.1782308,
              19.9946601
            ],
            [
              74.1812746,
              19.9998463
            ],
            [
              74.1775925,
              20.0011731
            ],
            [
              74.1734211,
              20.0025885
            ],
            [
              74.1710694,
              20.0035926
            ],
            [
              74.1659624,
              20.0070203
            ],
            [
              74.1642801,
              20.0081132
            ],
            [
              74.1643231,
              20.0095245
            ],
            [
              74.16313,
              20.010448
            ],
            [
              74.1575853,
              20.0124682
            ],
            [
              74.1551392,
              20.0143231
            ],
            [
              74.1532595,
              20.0154481
            ],
            [
              74.1528732,
              20.0154078
            ],
            [
              74.1471998,
              20.0130731
            ]
          ]
        ]
      },
      "properties": {
        "osm_id": "way/326382340",
        "name": null,
        "zone_type": "farmland",
        "source": "osm"
      }
    },
    {
      "type": "Feature",
      "geometry": {
        "type": "Polygon",
        "coordinates": [
          [
            [
              69.6018297,
              23.0303124
            ],
            [
              69.6010709,
              23.0299106
            ],
            [
              69.5987384,
              23.0311513
            ],
            [
              69.5969136,
              23.0306658
            ],
            [
              69.5965073,
              23.0296423
            ],
            [
              69.5950796,
              23.0294328
            ],
            [
              69.5943532,
              23.0301013
            ],
            [
              69.5920277,
              23.0300813
            ],
            [
              69.5912337,
              23.0297929
            ],
            [
              69.5907235,
              23.0302624
            ],
            [
              69.5890286,
              23.029999
            ],
            [
              69.5885958,
              23.0295211
            ],
            [
              69.5881617,
              23.0293613
            ],
            [
              69.5873386,
              23.0279627
            ],
            [
              69.5869596,
              23.0281287
            ],
            [
              69.5870242,
              23.0290798
            ],
            [
              69.585459,
              23.0296073
            ],
            [
              69.5831333,
              23.0296684
            ],
            [
              69.5833899,
              23.0287436
            ],
            [
              69.5813153,
              23.0288994
            ],
            [
              69.5812261,
              23.0286119
            ],
            [
              69.5807602,
              23.0284949
            ],
            [
              69.580596,
              23.0282116
            ],
            [
              69.5785506,
              23.0286191
            ],
            [
              69.577285,
              23.0291034
            ],
            [
              69.5774728,
              23.0298736
            ],
            [
              69.5769417,
              23.0302438
            ],
            [
              69.5764053,
              23.0303327
            ],
            [
              69.5761746,
              23.0305746
            ],
            [
              69.5761585,
              23.0310782
            ],
            [
              69.5748013,
              23.0314929
            ],
            [
              69.5742702,
              23.0319224
            ],
            [
              69.5732188,
              23.0323667
            ],
            [
              69.5728648,
              23.0324802
            ],
            [
              69.5718992,
              23.0327073
            ],
            [
              69.5709443,
              23.0334478
            ],
            [
              69.5701611,
              23.0339662
            ],
            [
              69.5702952,
              23.0358915
            ],
            [
              69.5712769,
              23.0362864
            ],
            [
              69.5707512,
              23.0370467
            ],
            [
              69.5693779,
              23.0381327
            ],
            [
              69.5694637,
              23.040601
            ],
            [
              69.5703435,
              23.0424571
            ],
            [
              69.5702362,
              23.0449056
            ],
            [
              69.570322,
              23.0457743
            ],
            [
              69.5707619,
              23.0466727
            ],
            [
              69.5696139,
              23.0466727
            ],
            [
              69.5692062,
              23.0462383
            ],
            [
              69.5687556,
              23.0455176
            ],
            [
              69.5677578,
              23.0452807
            ],
            [
              69.5676827,
              23.0465543
            ],
            [
              69.5672643,
              23.0464852
            ],
            [
              69.5672429,
              23.0477488
            ],
            [
              69.5674789,
              23.0477488
            ],
            [
              69.5675111,
              23.04843
            ],
            [
              69.5680046,
              23.0496542
            ],
            [
              69.5687771,
              23.0506711
            ],
            [
              69.5706653,
              23.0530996
            ],
            [
              69.5709443,
              23.054146
            ],
            [
              69.5714486,
              23.0557255
            ],
            [
              69.5704615,
              23.0560711
            ],
            [
              69.5705902,
              23.0570977
            ],
            [
              69.5713305,
              23.0577196
            ],
            [
              69.5736373,
              23.0587857
            ],
            [
              69.5724356,
              23.0573643
            ],
            [
              69.5720494,
              23.0560908
            ],
            [
              69.5739484,
              23.0566041
            ],
            [
              69.5778215,
              23.0567423
            ],
            [
              69.578551,
              23.0567522
            ],
            [
              69.578712,
              23.0569793
            ],
            [
              69.5800531,
              23.0573149
            ],
            [
              69.5808256,
              23.0588648
            ],
            [
              69.5836365,
              23.0590424
            ],
            [
              69.5838186,
              23.0588281
            ],
            [
              69.5849878,
              23.0587368
            ],
            [
              69.5852998,
              23.0576174
            ],
            [
              69.58596,
              23.0565102
            ],
            [
              69.5859152,
              23.0554271
            ],
            [
              69.5879116,
              23.0553876
            ],
            [
              69.587868,
              23.0538653
            ],
            [
              69.5886979,
              23.0540774
            ],
            [
              69.5893149,
              23.0536678
            ],
            [
              69.5899594,
              23.052723
            ],
            [
              69.5914285,
              23.0526361
            ],
            [
              69.5913532,
              23.0514572
            ],
            [
              69.5917803,
              23.0514572
            ],
            [
              69.5919076,
              23.0509981
            ],
            [
              69.5921072,
              23.0509788
            ],
            [
              69.5922893,
              23.0499829
            ],
            [
              69.5932868,
              23.0498627
            ],
            [
              69.593519,
              23.0502493
            ],
            [
              69.5944046,
              23.0503992
            ],
            [
              69.5955449,
              23.0500912
            ],
            [
              69.5962611,
              23.049542
            ],
            [
              69.5966707,
              23.049542
            ],
            [
              69.5969435,
              23.0493537
            ],
            [
              69.597612,
              23.0496562
            ],
            [
              69.5990411,
              23.0492791
            ],
            [
              69.5995378,
              23.049075
            ],
            [
              69.5996547,
              23.0489533
            ],
            [
              69.6001053,
              23.0449056
            ],
            [
              69.601779,
              23.0424769
            ],
            [
              69.6053839,
              23.0396927
            ],
            [
              69.6056521,
              23.0384684
            ],
            [
              69.6057087,
              23.0374104
            ],
            [
              69.6061808,
              23.0369958
            ],
            [
              69.6107127,
              23.0379673
            ],
            [
              69.6135452,
              23.0389743
            ],
            [
              69.6132447,
              23.0419067
            ],
            [
              69.6144678,
              23.0427459
            ],
            [
              69.6148755,
              23.042815
            ],
            [
              69.6147683,
              23.0439701
            ],
            [
              69.6178367,
              23.0436739
            ],
            [
              69.6176114,
              23.0426076
            ],
            [
              69.6180835,
              23.0428249
            ],
            [
              69.618577,
              23.0437627
            ],
            [
              69.6216239,
              23.0425385
            ],
            [
              69.623405,
              23.0430618
            ],
            [
              69.6244778,
              23.0428051
            ],
            [
              69.6260335,
              23.0431605
            ],
            [
              69.6264841,
              23.0427162
            ],
            [
              69.6265056,
              23.0423312
            ],
            [
              69.6267631,
              23.0420251
            ],
            [
              69.6272673,
              23.040949
            ],
            [
              69.6271708,
              23.0402875
            ],
            [
              69.6271708,
              23.0394483
            ],
            [
              69.6275356,
              23.0383129
            ],
            [
              69.6270313,
              23.0379476
            ],
            [
              69.626806,
              23.0372565
            ],
            [
              69.6252718,
              23.0379377
            ],
            [
              69.6254542,
              23.0359729
            ],
            [
              69.6249928,
              23.035815
            ],
            [
              69.625143,
              23.0341365
            ],
            [
              69.6282329,
              23.033006
            ],
            [
              69.6318378,
              23.0330504
            ],
            [
              69.6317734,
              23.0312139
            ],
            [
              69.6313014,
              23.0297724
            ],
            [
              69.6300354,
              23.0278963
            ],
            [
              69.6297135,
              23.0251908
            ],
            [
              69.6290912,
              23.0244997
            ],
            [
              69.6287265,
              23.0243516
            ],
            [
              69.6289732,
              23.0238973
            ],
            [
              69.6295848,
              23.0239269
            ],
            [
              69.630207,
              23.0233936
            ],
            [
              69.6309366,
              23.0232554
            ],
            [
              69.6320202,
              23.0235417
            ],
            [
              69.6332111,
              23.0233344
            ],
            [
              69.6337261,
              23.023364
            ],
            [
              69.6343055,
              23.0228604
            ],
            [
              69.6344664,
              23.02369
            ],
            [
              69.6354963,
              23.0240257
            ],
            [
              69.6356144,
              23.0230974
            ],
            [
              69.6371486,
              23.0233443
            ],
            [
              69.6376636,
              23.021004
            ],
            [
              69.6380498,
              23.0209251
            ],
            [
              69.6378567,
              23.0204017
            ],
            [
              69.6353569,
              23.0208461
            ],
            [
              69.6334472,
              23.0206979
            ],
            [
              69.630722,
              23.0201943
            ],
            [
              69.6301212,
              23.0192563
            ],
            [
              69.6303573,
              23.0179923
            ],
            [
              69.6275034,
              23.0175677
            ],
            [
              69.6272459,
              23.0184071
            ],
            [
              69.6276321,
              23.0186835
            ],
            [
              69.6277394,
              23.0205498
            ],
            [
              69.6272352,
              23.0216558
            ],
            [
              69.6282544,
              23.0210831
            ],
            [
              69.6281256,
              23.0232159
            ],
            [
              69.628705,
              23.02369
            ],
            [
              69.6285763,
              23.0243417
            ],
            [
              69.6271171,
              23.0237887
            ],
            [
              69.6264949,
              23.0229394
            ],
            [
              69.6261301,
              23.0218928
            ],
            [
              69.626173,
              23.0208658
            ],
            [
              69.6265378,
              23.0181799
            ],
            [
              69.6255936,
              23.0177257
            ],
            [
              69.6227398,
              23.0171135
            ],
            [
              69.6227827,
              23.016363
            ],
            [
              69.6235552,
              23.0153953
            ],
            [
              69.6233191,
              23.0150793
            ],
            [
              69.6224823,
              23.0154348
            ],
            [
              69.6210447,
              23.015099
            ],
            [
              69.6209802,
              23.014546
            ],
            [
              69.6191349,
              23.01502
            ],
            [
              69.6191778,
              23.015573
            ],
            [
              69.6192207,
              23.0165408
            ],
            [
              69.6194138,
              23.0170345
            ],
            [
              69.6198001,
              23.0174295
            ],
            [
              69.6200576,
              23.0175875
            ],
            [
              69.6206476,
              23.0177011
            ],
            [
              69.6213665,
              23.018175
            ],
            [
              69.6213806,
              23.0185133
            ],
            [
              69.62164,
              23.0187774
            ],
            [
              69.6218151,
              23.0189231
            ],
            [
              69.6220853,
              23.0189848
            ],
            [
              69.6227397,
              23.0190095
            ],
            [
              69.6227378,
              23.0192441
            ],
            [
              69.6218707,
              23.0192218
            ],
            [
              69.6217152,
              23.019439
            ],
            [
              69.6204472,
              23.0212733
            ],
            [
              69.6197605,
              23.0217818
            ],
            [
              69.6194889,
              23.0208214
            ],
            [
              69.6193153,
              23.0203796
            ],
            [
              69.61909,
              23.0203105
            ],
            [
              69.6190095,
              23.0201278
            ],
            [
              69.6184248,
              23.0199106
            ],
            [
              69.6176469,
              23.0197723
            ],
            [
              69.6174538,
              23.0196242
            ],
            [
              69.6174163,
              23.0194119
            ],
            [
              69.6169837,
              23.0192613
            ],
            [
              69.6169066,
              23.0191256
            ],
            [
              69.6173412,
              23.0191404
            ],
            [
              69.6174645,
              23.0186664
            ],
            [
              69.6171695,
              23.0186664
            ],
            [
              69.6171427,
              23.0182319
            ],
            [
              69.617368,
              23.0178814
            ],
            [
              69.6176323,
              23.0177229
            ],
            [
              69.6174564,
              23.0163259
            ],
            [
              69.6175368,
              23.0162654
            ],
            [
              69.6170379,
              23.0159269
            ],
            [
              69.6165234,
              23.0152682
            ],
            [
              69.6160569,
              23.0148702
            ],
            [
              69.6154762,
              23.0146556
            ],
            [
              69.6151213,
              23.0146511
            ],
            [
              69.6145446,
              23.0147073
            ],
            [
              69.6142318,
              23.0151919
            ],
            [
              69.6144821,
              23.0156678
            ],
            [
              69.614504,
              23.0161051
            ],
            [
              69.6139117,
              23.0162183
            ],
            [
              69.6132896,
              23.0162771
            ],
            [
              69.6123998,
              23.0160103
            ],
            [
              69.6120538,
              23.0156435
            ],
            [
              69.6118778,
              23.0153074
            ],
            [
              69.6112814,
              23.0153372
            ],
            [
              69.6109552,
              23.0155749
            ],
            [
              69.6108704,
              23.0161982
            ],
            [
              69.6104749,
              23.0164087
            ],
            [
              69.6099217,
              23.016854
            ],
            [
              69.609496,
              23.0174789
            ],
            [
              69.6093748,
              23.0183441
            ],
            [
              69.6093761,
              23.018981
            ],
            [
              69.6097012,
              23.0199728
            ],
            [
              69.6097282,
              23.0205252
            ],
            [
              69.6089525,
              23.020166
            ],
            [
              69.6086455,
              23.0196236
            ],
            [
              69.6085264,
              23.0188809
            ],
            [
              69.6081071,
              23.017499
            ],
            [
              69.6084955,
              23.016709
            ],
            [
              69.6078007,
              23.0164209
            ],
            [
              69.6053259,
              23.0163535
            ],
            [
              69.6042895,
              23.0167164
            ],
            [
              69.6037106,
              23.0172768
            ],
            [
              69.6018497,
              23.0189106
            ],
            [
              69.6007834,
              23.0195097
            ],
            [
              69.6000928,
              23.0197773
            ],
            [
              69.5998263,
              23.0205376
            ],
            [
              69.5998692,
              23.0214263
            ],
            [
              69.6004057,
              23.0216436
            ],
            [
              69.6027446,
              23.0202611
            ],
            [
              69.6037316,
              23.0207944
            ],
            [
              69.6037531,
              23.0235987
            ],
            [
              69.604783,
              23.0233617
            ],
            [
              69.6064782,
              23.022631
            ],
            [
              69.6072721,
              23.0232037
            ],
            [
              69.6076154,
              23.0240134
            ],
            [
              69.6055984,
              23.0272718
            ],
            [
              69.6047616,
              23.0285752
            ],
            [
              69.6038389,
              23.0292466
            ],
            [
              69.6021652,
              23.0306289
            ],
            [
              69.6018297,
              23.0303124
            ]
          ]
        ]
      },
      "properties": {
        "osm_id": "way/725919251",
        "name": null,
        "zone_type": "farmland",
        "source": "osm"
      }
    },
    {
      "type": "Feature",
      "geometry": {
        "type": "Polygon",
        "coordinates": [
          [
            [
              72.6844096,
              22.1878471
            ],
            [
              72.6855308,
              22.1876459
            ],
            [
              72.6872179,
              22.1875813
            ],
            [
              72.6873895,
              22.1888256
            ],
            [
              72.6875451,
              22.190055
            ],
            [
              72.6875022,
              22.1912818
            ],
            [
              72.6874325,
              22.1924218
            ],
            [
              72.6868987,
              22.1925286
            ],
            [
              72.6868451,
              22.1928291
            ],
            [
              72.6871401,
              22.1928167
            ],
            [
              72.687124,
              22.1930526
            ],
            [
              72.687073,
              22.1932662
            ],
            [
              72.6870355,
              22.1935269
            ],
            [
              72.6869443,
              22.1936288
            ],
            [
              72.6865178,
              22.1936685
            ],
            [
              72.6864803,
              22.1935642
            ],
            [
              72.6861504,
              22.1936387
            ],
            [
              72.6861316,
              22.1938622
            ],
            [
              72.6861316,
              22.1941801
            ],
            [
              72.6862603,
              22.1945601
            ],
            [
              72.6863167,
              22.1948084
            ],
            [
              72.6862872,
              22.1948804
            ],
            [
              72.6861477,
              22.1949301
            ],
            [
              72.6860431,
              22.1948804
            ],
            [
              72.6858741,
              22.1944856
            ],
            [
              72.6859733,
              22.1950294
            ],
            [
              72.6852089,
              22.1950195
            ],
            [
              72.6850185,
              22.1948655
            ],
            [
              72.6846644,
              22.1948034
            ],
            [
              72.6847959,
              22.1952778
            ],
            [
              72.6846912,
              22.1954119
            ],
            [
              72.6847181,
              22.195546
            ],
            [
              72.6847959,
              22.1955187
            ],
            [
              72.6849031,
              22.195546
            ],
            [
              72.6849273,
              22.1957223
            ],
            [
              72.6847744,
              22.1957745
            ],
            [
              72.6845732,
              22.1958415
            ],
            [
              72.684254,
              22.1958564
            ],
            [
              72.6841065,
              22.1958564
            ],
            [
              72.6841629,
              22.1962116
            ],
            [
              72.6840958,
              22.1962463
            ],
            [
              72.6839456,
              22.1962811
            ],
            [
              72.6838866,
              22.1962761
            ],
            [
              72.6838061,
              22.1957422
            ],
            [
              72.6831114,
              22.195921
            ],
            [
              72.6832214,
              22.1965891
            ],
            [
              72.6831678,
              22.1967008
            ],
            [
              72.6830551,
              22.1967232
            ],
            [
              72.6829076,
              22.1967902
            ],
            [
              72.6826313,
              22.1969442
            ],
            [
              72.682406,
              22.1970783
            ],
            [
              72.68217,
              22.1972124
            ],
            [
              72.6819742,
              22.1973018
            ],
            [
              72.6818454,
              22.197349
            ],
            [
              72.6817676,
              22.1973068
            ],
            [
              72.6817542,
              22.1969889
            ],
            [
              72.6815638,
              22.1969939
            ],
            [
              72.6813546,
              22.1969491
            ],
            [
              72.6812553,
              22.1969218
            ],
            [
              72.6810971,
              22.1969839
            ],
            [
              72.6808959,
              22.1970261
            ],
            [
              72.6807725,
              22.1970261
            ],
            [
              72.6807994,
              22.196594
            ],
            [
              72.6814619,
              22.1965344
            ],
            [
              72.6815075,
              22.1966313
            ],
            [
              72.6815987,
              22.196753
            ],
            [
              72.6817408,
              22.1968473
            ],
            [
              72.6817435,
              22.1966809
            ],
            [
              72.6820064,
              22.196666
            ],
            [
              72.6820305,
              22.1965468
            ],
            [
              72.6819903,
              22.1964823
            ],
            [
              72.6818991,
              22.1964475
            ],
            [
              72.681824,
              22.1964127
            ],
            [
              72.6817757,
              22.1962513
            ],
            [
              72.681773,
              22.1960352
            ],
            [
              72.6818025,
              22.1959508
            ],
            [
              72.6817355,
              22.1958068
            ],
            [
              72.6816952,
              22.1957695
            ],
            [
              72.6815155,
              22.195844
            ],
            [
              72.6813734,
              22.1958241
            ],
            [
              72.6812822,
              22.1958713
            ],
            [
              72.6810461,
              22.1958813
            ],
            [
              72.6807779,
              22.1958838
            ],
            [
              72.6807511,
              22.1956429
            ],
            [
              72.6803756,
              22.1955559
            ],
            [
              72.6804131,
              22.1953101
            ],
            [
              72.6804507,
              22.1951238
            ],
            [
              72.6806304,
              22.1949922
            ],
            [
              72.6807538,
              22.1949301
            ],
            [
              72.6808932,
              22.1949674
            ],
            [
              72.68103,
              22.1950642
            ],
            [
              72.681089,
              22.1951188
            ],
            [
              72.6811615,
              22.195176
            ],
            [
              72.6815048,
              22.1951511
            ],
            [
              72.6816013,
              22.1951958
            ],
            [
              72.6817113,
              22.1953349
            ],
            [
              72.682001,
              22.1953051
            ],
            [
              72.6818991,
              22.1949227
            ],
            [
              72.6822343,
              22.1948034
            ],
            [
              72.6823658,
              22.1947985
            ],
            [
              72.6825911,
              22.194868
            ],
            [
              72.6826072,
              22.1947016
            ],
            [
              72.6830256,
              22.1946743
            ],
            [
              72.6837739,
              22.1946073
            ],
            [
              72.6837605,
              22.1945526
            ],
            [
              72.6827869,
              22.1946246
            ],
            [
              72.682803,
              22.1942745
            ],
            [
              72.6830444,
              22.1942471
            ],
            [
              72.6833716,
              22.1941826
            ],
            [
              72.6836425,
              22.1941553
            ],
            [
              72.6837954,
              22.1941478
            ],
            [
              72.6838303,
              22.1942298
            ],
            [
              72.6840636,
              22.1942049
            ],
            [
              72.6844472,
              22.1941801
            ],
            [
              72.6844606,
              22.1941329
            ],
            [
              72.6841602,
              22.1940932
            ],
            [
              72.684077,
              22.1938895
            ],
            [
              72.6841736,
              22.1936933
            ],
            [
              72.6841494,
              22.1936561
            ],
            [
              72.6840448,
              22.1935865
            ],
            [
              72.6840153,
              22.1934301
            ],
            [
              72.684195,
              22.1933332
            ],
            [
              72.6842192,
              22.1931867
            ],
            [
              72.6841682,
              22.1930004
            ],
            [
              72.6841119,
              22.1928465
            ],
            [
              72.684128,
              22.1927794
            ],
            [
              72.6843533,
              22.1927397
            ],
            [
              72.6841119,
              22.1927074
            ],
            [
              72.6840529,
              22.192459
            ],
            [
              72.6842755,
              22.1923498
            ],
            [
              72.6840797,
              22.1923771
            ],
            [
              72.6837578,
              22.192392
            ],
            [
              72.6837632,
              22.1927173
            ],
            [
              72.6838705,
              22.1927248
            ],
            [
              72.6839215,
              22.1928961
            ],
            [
              72.6837793,
              22.1932587
            ],
            [
              72.6837391,
              22.1934673
            ],
            [
              72.6838678,
              22.1939168
            ],
            [
              72.6837498,
              22.1939094
            ],
            [
              72.6837337,
              22.1938548
            ],
            [
              72.6836452,
              22.1938399
            ],
            [
              72.6836291,
              22.1939218
            ],
            [
              72.6834789,
              22.1939119
            ],
            [
              72.6834762,
              22.1938423
            ],
            [
              72.6834413,
              22.1938672
            ],
            [
              72.6833421,
              22.1939417
            ],
            [
              72.6832134,
              22.1939417
            ],
            [
              72.6832053,
              22.1938697
            ],
            [
              72.6830739,
              22.1938697
            ],
            [
              72.6829773,
              22.1938647
            ],
            [
              72.6829424,
              22.193887
            ],
            [
              72.6828968,
              22.1939938
            ],
            [
              72.6827869,
              22.1939963
            ],
            [
              72.6827547,
              22.1938299
            ],
            [
              72.682398,
              22.1938672
            ],
            [
              72.682339,
              22.1939566
            ],
            [
              72.6824141,
              22.1942099
            ],
            [
              72.6821002,
              22.1941875
            ],
            [
              72.6821592,
              22.1938473
            ],
            [
              72.682119,
              22.1938597
            ],
            [
              72.6820064,
              22.1941106
            ],
            [
              72.6818293,
              22.1941081
            ],
            [
              72.6816148,
              22.1940882
            ],
            [
              72.6813868,
              22.1941205
            ],
            [
              72.6814297,
              22.1942546
            ],
            [
              72.6813143,
              22.194339
            ],
            [
              72.6810971,
              22.1943192
            ],
            [
              72.6810676,
              22.1942347
            ],
            [
              72.6810837,
              22.1940981
            ],
            [
              72.6810381,
              22.1939938
            ],
            [
              72.6808745,
              22.1939293
            ],
            [
              72.6808906,
              22.1936139
            ],
            [
              72.6812929,
              22.1935195
            ],
            [
              72.6819929,
              22.1934052
            ],
            [
              72.6821914,
              22.1933605
            ],
            [
              72.6821887,
              22.1933208
            ],
            [
              72.6816389,
              22.1933705
            ],
            [
              72.6816174,
              22.1932612
            ],
            [
              72.681604,
              22.1931172
            ],
            [
              72.6815638,
              22.193065
            ],
            [
              72.6815772,
              22.192993
            ],
            [
              72.6815155,
              22.192916
            ],
            [
              72.6814967,
              22.1928415
            ],
            [
              72.6814753,
              22.1927595
            ],
            [
              72.6814699,
              22.1923945
            ],
            [
              72.6813492,
              22.1923522
            ],
            [
              72.6813814,
              22.19193
            ],
            [
              72.6814806,
              22.1918779
            ],
            [
              72.6816174,
              22.191858
            ],
            [
              72.6817864,
              22.1918953
            ],
            [
              72.681942,
              22.1919524
            ],
            [
              72.6819795,
              22.1917239
            ],
            [
              72.6820546,
              22.1915699
            ],
            [
              72.6825964,
              22.1914681
            ],
            [
              72.6827064,
              22.1913489
            ],
            [
              72.6832187,
              22.191339
            ],
            [
              72.683267,
              22.1913514
            ],
            [
              72.6833582,
              22.1914184
            ],
            [
              72.6834199,
              22.1914408
            ],
            [
              72.6835003,
              22.1919549
            ],
            [
              72.6835513,
              22.1919549
            ],
            [
              72.6834735,
              22.1914656
            ],
            [
              72.6833126,
              22.191103
            ],
            [
              72.6823792,
              22.1911452
            ],
            [
              72.6822585,
              22.1909615
            ],
            [
              72.6822478,
              22.1908149
            ],
            [
              72.6824382,
              22.1907379
            ],
            [
              72.6831865,
              22.190733
            ],
            [
              72.6831597,
              22.190651
            ],
            [
              72.6828781,
              22.1906436
            ],
            [
              72.682237,
              22.1906014
            ],
            [
              72.6822236,
              22.1904598
            ],
            [
              72.6823255,
              22.1903977
            ],
            [
              72.6829424,
              22.1904027
            ],
            [
              72.6830175,
              22.1905417
            ],
            [
              72.683098,
              22.1905368
            ],
            [
              72.6830202,
              22.1901767
            ],
            [
              72.6829746,
              22.1903058
            ],
            [
              72.6828003,
              22.1903058
            ],
            [
              72.6826125,
              22.190276
            ],
            [
              72.6824114,
              22.1901394
            ],
            [
              72.6823148,
              22.1901518
            ],
            [
              72.6821914,
              22.1902164
            ],
            [
              72.6820546,
              22.1902959
            ],
            [
              72.6820788,
              22.1904598
            ],
            [
              72.6819447,
              22.1904648
            ],
            [
              72.6816764,
              22.1905095
            ],
            [
              72.6814619,
              22.1906759
            ],
            [
              72.6815101,
              22.1908199
            ],
            [
              72.6815262,
              22.1910037
            ],
            [
              72.6814672,
              22.1913514
            ],
            [
              72.6813868,
              22.1913936
            ],
            [
              72.681368,
              22.1911875
            ],
            [
              72.6812392,
              22.1912992
            ],
            [
              72.6812097,
              22.1913613
            ],
            [
              72.6811507,
              22.1915128
            ],
            [
              72.6810488,
              22.1915451
            ],
            [
              72.6809844,
              22.1916395
            ],
            [
              72.6809093,
              22.1916271
            ],
            [
              72.6808423,
              22.1915674
            ],
            [
              72.6808342,
              22.1917338
            ],
            [
              72.680794,
              22.191863
            ],
            [
              72.680684,
              22.1918953
            ],
            [
              72.6806062,
              22.1918307
            ],
            [
              72.6805338,
              22.1918878
            ],
            [
              72.6804158,
              22.1919226
            ],
            [
              72.6802039,
              22.1919002
            ],
            [
              72.6802576,
              22.1914805
            ],
            [
              72.6804051,
              22.1913539
            ],
            [
              72.6804775,
              22.1911949
            ],
            [
              72.6804775,
              22.1909938
            ],
            [
              72.680271,
              22.1909863
            ],
            [
              72.6802924,
              22.1907827
            ],
            [
              72.680389,
              22.1907379
            ],
            [
              72.6803836,
              22.190497
            ],
            [
              72.6800108,
              22.1904101
            ],
            [
              72.6797962,
              22.1903853
            ],
            [
              72.6798016,
              22.1902313
            ],
            [
              72.6798552,
              22.1901419
            ],
            [
              72.6798391,
              22.1899879
            ],
            [
              72.6799652,
              22.1898389
            ],
            [
              72.6800805,
              22.189824
            ],
            [
              72.6801395,
              22.1896973
            ],
            [
              72.6802441,
              22.1896973
            ],
            [
              72.6804373,
              22.189747
            ],
            [
              72.6806116,
              22.1897247
            ],
            [
              72.6806223,
              22.1896973
            ],
            [
              72.6804078,
              22.18968
            ],
            [
              72.6803139,
              22.1895136
            ],
            [
              72.6803032,
              22.1893149
            ],
            [
              72.6802012,
              22.1890864
            ],
            [
              72.6802388,
              22.1889076
            ],
            [
              72.6807725,
              22.1889423
            ],
            [
              72.6807994,
              22.1886691
            ],
            [
              72.6807752,
              22.1885152
            ],
            [
              72.6808128,
              22.1883339
            ],
            [
              72.6806921,
              22.1883065
            ],
            [
              72.6807243,
              22.1881352
            ],
            [
              72.6810005,
              22.1880979
            ],
            [
              72.6812366,
              22.1880085
            ],
            [
              72.6814324,
              22.1880234
            ],
            [
              72.6817086,
              22.1880358
            ],
            [
              72.6825428,
              22.1880681
            ],
            [
              72.6830819,
              22.1880582
            ],
            [
              72.6832536,
              22.1881724
            ],
            [
              72.6833099,
              22.1880383
            ],
            [
              72.6833206,
              22.187862
            ],
            [
              72.6831436,
              22.187929
            ],
            [
              72.6829505,
              22.1879489
            ],
            [
              72.6828968,
              22.1879265
            ],
            [
              72.6826876,
              22.1879663
            ],
            [
              72.682465,
              22.1879886
            ],
            [
              72.6822746,
              22.1864463
            ],
            [
              72.6821995,
              22.1865183
            ],
            [
              72.6823577,
              22.1877005
            ],
            [
              72.6818186,
              22.1877303
            ],
            [
              72.6817301,
              22.1864339
            ],
            [
              72.6815933,
              22.1864612
            ],
            [
              72.6817784,
              22.1879489
            ],
            [
              72.6814941,
              22.187929
            ],
            [
              72.6812687,
              22.1879489
            ],
            [
              72.681199,
              22.1876931
            ],
            [
              72.6809013,
              22.1877328
            ],
            [
              72.6808637,
              22.1876459
            ],
            [
              72.6810381,
              22.1875615
            ],
            [
              72.6808289,
              22.1875863
            ],
            [
              72.6807001,
              22.1868064
            ],
            [
              72.680684,
              22.186573
            ],
            [
              72.6811427,
              22.1864091
            ],
            [
              72.6809791,
              22.1860216
            ],
            [
              72.6802039,
              22.1859968
            ],
            [
              72.680212,
              22.1865606
            ],
            [
              72.6800859,
              22.1866102
            ],
            [
              72.6800537,
              22.1883264
            ],
            [
              72.6796138,
              22.188386
            ],
            [
              72.6791364,
              22.188463
            ],
            [
              72.6785061,
              22.1885077
            ],
            [
              72.6774278,
              22.188684
            ],
            [
              72.6750487,
              22.1889349
            ],
            [
              72.6742816,
              22.1889995
            ],
            [
              72.6735789,
              22.1890839
            ],
            [
              72.6730317,
              22.1891038
            ],
            [
              72.6724899,
              22.1891534
            ],
            [
              72.6723021,
              22.1890293
            ],
            [
              72.6720554,
              22.189074
            ],
            [
              72.6717281,
              22.1891137
            ],
            [
              72.6713365,
              22.1891137
            ],
            [
              72.670784,
              22.1891634
            ],
            [
              72.6702905,
              22.1891534
            ],
            [
              72.6698989,
              22.189069
            ],
            [
              72.6695555,
              22.1889846
            ],
            [
              72.6688957,
              22.1889995
            ],
            [
              72.6685685,
              22.1890392
            ],
            [
              72.669931,
              22.1875341
            ],
            [
              72.6720715,
              22.1852939
            ],
            [
              72.6735306,
              22.1835951
            ],
            [
              72.6735681,
              22.1833269
            ],
            [
              72.6738471,
              22.1831282
            ],
            [
              72.6741636,
              22.1831133
            ],
            [
              72.6749897,
              22.1834014
            ],
            [
              72.6762772,
              22.1837739
            ],
            [
              72.677055,
              22.1838782
            ],
            [
              72.6778328,
              22.1838733
            ],
            [
              72.678718,
              22.1839776
            ],
            [
              72.6789379,
              22.1836547
            ],
            [
              72.679351,
              22.1827357
            ],
            [
              72.6796997,
              22.1824526
            ],
            [
              72.6806116,
              22.1822142
            ],
            [
              72.6812929,
              22.1821496
            ],
            [
              72.6814592,
              22.1819161
            ],
            [
              72.682178,
              22.1815088
            ],
            [
              72.6842165,
              22.1811859
            ],
            [
              72.6842567,
              22.1822738
            ],
            [
              72.6838651,
              22.182542
            ],
            [
              72.6837873,
              22.1832399
            ],
            [
              72.6837793,
              22.1841564
            ],
            [
              72.6838571,
              22.1845612
            ],
            [
              72.6841682,
              22.1852765
            ],
            [
              72.684254,
              22.1856516
            ],
            [
              72.6843023,
              22.1858676
            ],
            [
              72.6842782,
              22.1861731
            ],
            [
              72.6844016,
              22.1862004
            ],
            [
              72.6844338,
              22.1876856
            ],
            [
              72.6844096,
              22.1878471
            ]
          ]
        ]
      },
      "properties": {
        "osm_id": "way/985194734",
        "name": null,
        "zone_type": "farmland",
        "source": "osm"
      }
    },
    {
      "type": "Feature",
      "geometry": {
        "type": "Polygon",
        "coordinates": [
          [
            [
              81.366342,
              21.1641102
            ],
            [
              81.3703177,
              21.1710088
            ],
            [
              81.3744644,
              21.1788059
            ],
            [
              81.3750418,
              21.1789174
            ],
            [
              81.3753949,
              21.1796284
            ],
            [
              81.3750619,
              21.1797438
            ],
            [
              81.3750219,
              21.1799639
            ],
            [
              81.37432,
              21.1799382
            ],
            [
              81.3742631,
              21.1799437
            ],
            [
              81.3742775,
              21.1797554
            ],
            [
              81.3735225,
              21.1796667
            ],
            [
              81.3731772,
              21.1797074
            ],
            [
              81.3705955,
              21.17955
            ],
            [
              81.3705484,
              21.1803817
            ],
            [
              81.3696278,
              21.1803918
            ],
            [
              81.3697049,
              21.1812137
            ],
            [
              81.3678931,
              21.1811095
            ],
            [
              81.3667631,
              21.1816201
            ],
            [
              81.3614325,
              21.1818761
            ],
            [
              81.3642159,
              21.1845947
            ],
            [
              81.3618094,
              21.186852
            ],
            [
              81.3618922,
              21.1869214
            ],
            [
              81.3635245,
              21.187688
            ],
            [
              81.3645087,
              21.1880644
            ],
            [
              81.3655279,
              21.1883851
            ],
            [
              81.3668798,
              21.1887634
            ],
            [
              81.3682305,
              21.1890256
            ],
            [
              81.3700971,
              21.1890885
            ],
            [
              81.3702299,
              21.1890772
            ],
            [
              81.3703275,
              21.1890474
            ],
            [
              81.370431,
              21.1889309
            ],
            [
              81.370603,
              21.188649
            ],
            [
              81.3709289,
              21.1888608
            ],
            [
              81.3711391,
              21.1890004
            ],
            [
              81.3715041,
              21.1892063
            ],
            [
              81.3736615,
              21.1897748
            ],
            [
              81.3749047,
              21.190212
            ],
            [
              81.3752371,
              21.1903012
            ],
            [
              81.3783797,
              21.1924236
            ],
            [
              81.3803532,
              21.1941181
            ],
            [
              81.3802778,
              21.194284
            ],
            [
              81.3811116,
              21.1950667
            ],
            [
              81.3812819,
              21.1950679
            ],
            [
              81.3813316,
              21.1951249
            ],
            [
              81.3813732,
              21.1951591
            ],
            [
              81.3822155,
              21.1944487
            ],
            [
              81.3818711,
              21.1941362
            ],
            [
              81.3826007,
              21.1934997
            ],
            [
              81.3826763,
              21.193561
            ],
            [
              81.3841815,
              21.1947815
            ],
            [
              81.3842048,
              21.1948004
            ],
            [
              81.3840219,
              21.1949838
            ],
            [
              81.3844757,
              21.195415
            ],
            [
              81.3845776,
              21.1955056
            ],
            [
              81.3846022,
              21.1955312
            ],
            [
              81.3846371,
              21.1955661
            ],
            [
              81.3846747,
              21.1956041
            ],
            [
              81.3847762,
              21.1957005
            ],
            [
              81.3849016,
              21.1955843
            ],
            [
              81.3850625,
              21.1955168
            ],
            [
              81.3852677,
              21.1957181
            ],
            [
              81.3858081,
              21.1961908
            ],
            [
              81.3864157,
              21.1967722
            ],
            [
              81.3864425,
              21.1968422
            ],
            [
              81.3863731,
              21.1969606
            ],
            [
              81.38602,
              21.1972936
            ],
            [
              81.3856543,
              21.1975922
            ],
            [
              81.385279,
              21.1975266
            ],
            [
              81.3845408,
              21.1982064
            ],
            [
              81.384443,
              21.1982771
            ],
            [
              81.3842512,
              21.1984157
            ],
            [
              81.3832374,
              21.1975459
            ],
            [
              81.3828256,
              21.1975358
            ],
            [
              81.3784686,
              21.201616
            ],
            [
              81.3784597,
              21.2021431
            ],
            [
              81.3789873,
              21.204113
            ],
            [
              81.3791765,
              21.2050027
            ],
            [
              81.379376,
              21.2053728
            ],
            [
              81.3795967,
              21.2056241
            ],
            [
              81.3807743,
              21.2065425
            ],
            [
              81.3812729,
              21.2067711
            ],
            [
              81.3816866,
              21.2068216
            ],
            [
              81.3820154,
              21.2068457
            ],
            [
              81.3845622,
              21.2065593
            ],
            [
              81.3898821,
              21.2059373
            ],
            [
              81.3927162,
              21.2056108
            ],
            [
              81.3928952,
              21.2056949
            ],
            [
              81.3956141,
              21.2054129
            ],
            [
              81.3968632,
              21.2052695
            ],
            [
              81.3979811,
              21.2051252
            ],
            [
              81.3988782,
              21.2051134
            ],
            [
              81.4026577,
              21.2046735
            ],
            [
              81.4027317,
              21.2046585
            ],
            [
              81.4036459,
              21.2044696
            ],
            [
              81.4051498,
              21.2042992
            ],
            [
              81.4097782,
              21.2038613
            ],
            [
              81.4101944,
              21.2039447
            ],
            [
              81.4165709,
              21.2031355
            ],
            [
              81.4170751,
              21.2029387
            ],
            [
              81.41943,
              21.2026386
            ],
            [
              81.4200285,
              21.202347
            ],
            [
              81.4199086,
              21.2018178
            ],
            [
              81.4197803,
              21.2016564
            ],
            [
              81.4197001,
              21.2012264
            ],
            [
              81.4198662,
              21.201217
            ],
            [
              81.4199198,
              21.2001596
            ],
            [
              81.4207102,
              21.2000309
            ],
            [
              81.4206637,
              21.1985833
            ],
            [
              81.4195232,
              21.1961295
            ],
            [
              81.4199992,
              21.1933041
            ],
            [
              81.4139459,
              21.1905415
            ],
            [
              81.4098721,
              21.1885627
            ],
            [
              81.4084093,
              21.1875991
            ],
            [
              81.4072049,
              21.1863116
            ],
            [
              81.4033731,
              21.1828028
            ],
            [
              81.4008196,
              21.1803079
            ],
            [
              81.4000572,
              21.1796142
            ],
            [
              81.3993439,
              21.1787858
            ],
            [
              81.4001069,
              21.1782834
            ],
            [
              81.3986599,
              21.1770905
            ],
            [
              81.3958847,
              21.1745395
            ],
            [
              81.3951892,
              21.1737486
            ],
            [
              81.3940121,
              21.1722892
            ],
            [
              81.393289,
              21.1711963
            ],
            [
              81.3923503,
              21.1699775
            ],
            [
              81.3915845,
              21.1696476
            ],
            [
              81.3905077,
              21.1690881
            ],
            [
              81.3889932,
              21.1690434
            ],
            [
              81.3872505,
              21.1699259
            ],
            [
              81.3871114,
              21.1698637
            ],
            [
              81.3870492,
              21.1710552
            ],
            [
              81.3853856,
              21.1708271
            ],
            [
              81.3846343,
              21.1709482
            ],
            [
              81.3824088,
              21.1710502
            ],
            [
              81.3813638,
              21.1708605
            ],
            [
              81.3741598,
              21.1683824
            ],
            [
              81.373028,
              21.16769
            ],
            [
              81.3663815,
              21.1637085
            ],
            [
              81.3637819,
              21.1622792
            ],
            [
              81.3624939,
              21.1623868
            ],
            [
              81.3615235,
              21.1619132
            ],
            [
              81.3613531,
              21.1621708
            ],
            [
              81.3612088,
              21.1624478
            ],
            [
              81.3622777,
              21.1630043
            ],
            [
              81.362567,
              21.1633199
            ],
            [
              81.3623899,
              21.1634599
            ],
            [
              81.3624935,
              21.1636015
            ],
            [
              81.3633759,
              21.1629962
            ],
            [
              81.3642318,
              21.1627533
            ],
            [
              81.3652999,
              21.1633831
            ],
            [
              81.366342,
              21.1641102
            ]
          ]
        ]
      },
      "properties": {
        "osm_id": "way/65310813",
        "name": "Bhilai Steel Plant",
        "zone_type": "industrial",
        "source": "osm"
      }
    },
    {
      "type": "Feature",
      "geometry": {
        "type": "Polygon",
        "coordinates": [
          [
            [
              82.6601189,
              24.0982224
            ],
            [
              82.6602021,
              24.0983227
            ],
            [
              82.6611569,
              24.0983717
            ],
            [
              82.6611746,
              24.0984265
            ],
            [
              82.6611435,
              24.0984648
            ],
            [
              82.6601243,
              24.0984158
            ],
            [
              82.6600867,
              24.0984378
            ],
            [
              82.660076,
              24.099591
            ],
            [
              82.661047,
              24.0996596
            ],
            [
              82.6611301,
              24.0997624
            ],
            [
              82.6611468,
              24.0998504
            ],
            [
              82.6611431,
              24.0999493
            ],
            [
              82.6611382,
              24.1000293
            ],
            [
              82.6612374,
              24.1000293
            ],
            [
              82.6612428,
              24.1002497
            ],
            [
              82.6610658,
              24.1002423
            ],
            [
              82.6606607,
              24.0999975
            ],
            [
              82.6598158,
              24.0999754
            ],
            [
              82.6598453,
              24.0995347
            ],
            [
              82.6596844,
              24.0994833
            ],
            [
              82.659481,
              24.0995114
            ],
            [
              82.6574424,
              24.0994888
            ],
            [
              82.6574607,
              24.098846
            ],
            [
              82.6546445,
              24.0987977
            ],
            [
              82.6545019,
              24.0988843
            ],
            [
              82.6544289,
              24.1025444
            ],
            [
              82.6544524,
              24.1028355
            ],
            [
              82.6572704,
              24.1033738
            ],
            [
              82.6578981,
              24.1035256
            ],
            [
              82.6591641,
              24.1037753
            ],
            [
              82.6598789,
              24.1039381
            ],
            [
              82.6611222,
              24.1042829
            ],
            [
              82.6619319,
              24.1044941
            ],
            [
              82.6644383,
              24.1051907
            ],
            [
              82.6653603,
              24.1054458
            ],
            [
              82.6652976,
              24.1057425
            ],
            [
              82.6653128,
              24.1060444
            ],
            [
              82.6654249,
              24.1060583
            ],
            [
              82.6653888,
              24.1064782
            ],
            [
              82.6654287,
              24.1077744
            ],
            [
              82.6655675,
              24.1082793
            ],
            [
              82.6657025,
              24.1085882
            ],
            [
              82.6658355,
              24.1087825
            ],
            [
              82.6661397,
              24.1096293
            ],
            [
              82.6664039,
              24.1102504
            ],
            [
              82.6664286,
              24.1105402
            ],
            [
              82.666556,
              24.1107554
            ],
            [
              82.6669552,
              24.1110885
            ],
            [
              82.6675768,
              24.1115743
            ],
            [
              82.6681606,
              24.1118814
            ],
            [
              82.6684113,
              24.1120133
            ],
            [
              82.6685957,
              24.1119144
            ],
            [
              82.6686395,
              24.1119144
            ],
            [
              82.6688448,
              24.1120029
            ],
            [
              82.6693276,
              24.1121296
            ],
            [
              82.6695481,
              24.1123378
            ],
            [
              82.6697914,
              24.1127646
            ],
            [
              82.6699321,
              24.1130873
            ],
            [
              82.6698238,
              24.113122
            ],
            [
              82.6700645,
              24.1136464
            ],
            [
              82.6701089,
              24.1136929
            ],
            [
              82.6686433,
              24.1147131
            ],
            [
              82.6689778,
              24.1159051
            ],
            [
              82.6702477,
              24.1161341
            ],
            [
              82.6705548,
              24.1165974
            ],
            [
              82.6706917,
              24.116986
            ],
            [
              82.6707257,
              24.1170948
            ],
            [
              82.6704387,
              24.1175122
            ],
            [
              82.6700404,
              24.1177913
            ],
            [
              82.6696247,
              24.1181365
            ],
            [
              82.6690467,
              24.1186249
            ],
            [
              82.6682165,
              24.1193752
            ],
            [
              82.6672724,
              24.1202393
            ],
            [
              82.6667279,
              24.1207338
            ],
            [
              82.6669545,
              24.1209297
            ],
            [
              82.6669988,
              24.120893
            ],
            [
              82.6670425,
              24.1209298
            ],
            [
              82.6670633,
              24.1209475
            ],
            [
              82.6670914,
              24.1209713
            ],
            [
              82.6671289,
              24.1210007
            ],
            [
              82.6672415,
              24.1210974
            ],
            [
              82.6676828,
              24.1205588
            ],
            [
              82.6677059,
              24.1205774
            ],
            [
              82.6677646,
              24.1206188
            ],
            [
              82.6692036,
              24.1192919
            ],
            [
              82.6707539,
              24.1178806
            ],
            [
              82.6707807,
              24.1178745
            ],
            [
              82.6711549,
              24.1175061
            ],
            [
              82.6711911,
              24.1175
            ],
            [
              82.6714727,
              24.1172392
            ],
            [
              82.6714895,
              24.1172019
            ],
            [
              82.6717181,
              24.116981
            ],
            [
              82.6717402,
              24.1168811
            ],
            [
              82.6720376,
              24.1166234
            ],
            [
              82.6733588,
              24.1154019
            ],
            [
              82.6763864,
              24.1125216
            ],
            [
              82.6766906,
              24.1122381
            ],
            [
              82.6775637,
              24.1114441
            ],
            [
              82.6805997,
              24.1086474
            ],
            [
              82.6813581,
              24.107964
            ],
            [
              82.6819056,
              24.1076031
            ],
            [
              82.6816889,
              24.1072074
            ],
            [
              82.6819379,
              24.1069992
            ],
            [
              82.6823688,
              24.1066526
            ],
            [
              82.6826529,
              24.1062374
            ],
            [
              82.6830961,
              24.1055785
            ],
            [
              82.6831365,
              24.1053866
            ],
            [
              82.683131,
              24.1053488
            ],
            [
              82.683119,
              24.1053328
            ],
            [
              82.6831836,
              24.1047819
            ],
            [
              82.6834427,
              24.1043458
            ],
            [
              82.6836294,
              24.1041589
            ],
            [
              82.6839209,
              24.1038855
            ],
            [
              82.6862141,
              24.1035084
            ],
            [
              82.6868313,
              24.1035336
            ],
            [
              82.6869016,
              24.1035241
            ],
            [
              82.6879925,
              24.1033762
            ],
            [
              82.6889604,
              24.104051
            ],
            [
              82.6890895,
              24.1042319
            ],
            [
              82.6892035,
              24.1041854
            ],
            [
              82.6892483,
              24.1041671
            ],
            [
              82.6893026,
              24.104145
            ],
            [
              82.68935,
              24.1041256
            ],
            [
              82.6894108,
              24.1041008
            ],
            [
              82.6894677,
              24.1040776
            ],
            [
              82.6895289,
              24.1040526
            ],
            [
              82.6895455,
              24.1040459
            ],
            [
              82.6895092,
              24.1037312
            ],
            [
              82.6897265,
              24.1030041
            ],
            [
              82.6901201,
              24.1022374
            ],
            [
              82.6902639,
              24.1021503
            ],
            [
              82.6903809,
              24.1020803
            ],
            [
              82.6906268,
              24.1019355
            ],
            [
              82.6909145,
              24.1017012
            ],
            [
              82.6909598,
              24.1016617
            ],
            [
              82.6911214,
              24.1015209
            ],
            [
              82.6917464,
              24.1009144
            ],
            [
              82.6925637,
              24.1001215
            ],
            [
              82.692904,
              24.0997605
            ],
            [
              82.6932024,
              24.0993806
            ],
            [
              82.6933887,
              24.0990248
            ],
            [
              82.6935655,
              24.0985668
            ],
            [
              82.693651,
              24.0980601
            ],
            [
              82.6936909,
              24.0977478
            ],
            [
              82.6936928,
              24.0973331
            ],
            [
              82.693651,
              24.0970173
            ],
            [
              82.693537,
              24.0965627
            ],
            [
              82.6933963,
              24.0961601
            ],
            [
              82.6932499,
              24.095905
            ],
            [
              82.693056,
              24.0956951
            ],
            [
              82.6918827,
              24.09509
            ],
            [
              82.6917402,
              24.0949685
            ],
            [
              82.6911865,
              24.0946912
            ],
            [
              82.6908021,
              24.0952703
            ],
            [
              82.6906274,
              24.0951795
            ],
            [
              82.6904083,
              24.0954887
            ],
            [
              82.6902403,
              24.0954139
            ],
            [
              82.6900421,
              24.0957875
            ],
            [
              82.689534,
              24.095471
            ],
            [
              82.6885245,
              24.0948213
            ],
            [
              82.6856562,
              24.0929907
            ],
            [
              82.6833631,
              24.0914973
            ],
            [
              82.6817816,
              24.0904839
            ],
            [
              82.6815497,
              24.0902479
            ],
            [
              82.6805841,
              24.0892831
            ],
            [
              82.6770143,
              24.0892033
            ],
            [
              82.6706941,
              24.0890714
            ],
            [
              82.6686215,
              24.0890615
            ],
            [
              82.6684364,
              24.0890606
            ],
            [
              82.6681503,
              24.0890592
            ],
            [
              82.6677713,
              24.0889669
            ],
            [
              82.6672687,
              24.0889682
            ],
            [
              82.6671782,
              24.0932382
            ],
            [
              82.6669426,
              24.0932368
            ],
            [
              82.6664445,
              24.0932417
            ],
            [
              82.6664528,
              24.0938655
            ],
            [
              82.666398,
              24.0940893
            ],
            [
              82.6638284,
              24.094011
            ],
            [
              82.6616245,
              24.0940527
            ],
            [
              82.6612599,
              24.0942251
            ],
            [
              82.6602776,
              24.0941875
            ],
            [
              82.6601189,
              24.0982224
            ]
          ]
        ]
      },
      "properties": {
        "osm_id": "way/196019571",
        "name": "Vindhyachal",
        "zone_type": "industrial",
        "source": "osm"
      }
    },
    {
      "type": "Feature",
      "geometry": {
        "type": "Polygon",
        "coordinates": [
          [
            [
              81.4215813,
              21.1818759
            ],
            [
              81.4183218,
              21.1849406
            ],
            [
              81.4158012,
              21.1872681
            ],
            [
              81.4152083,
              21.1877954
            ],
            [
              81.4152634,
              21.187846
            ],
            [
              81.4153578,
              21.1879327
            ],
            [
              81.4156127,
              21.1881668
            ],
            [
              81.418933,
              21.1891335
            ],
            [
              81.4203042,
              21.1902845
            ],
            [
              81.4231684,
              21.1917246
            ],
            [
              81.4236276,
              21.191909
            ],
            [
              81.4261207,
              21.1931793
            ],
            [
              81.4287807,
              21.1945223
            ],
            [
              81.4289152,
              21.1945879
            ],
            [
              81.4305581,
              21.1953905
            ],
            [
              81.4322064,
              21.1962213
            ],
            [
              81.432278,
              21.1967754
            ],
            [
              81.4323989,
              21.1967734
            ],
            [
              81.432434,
              21.1967734
            ],
            [
              81.432606,
              21.1967722
            ],
            [
              81.4327442,
              21.1967671
            ],
            [
              81.4328782,
              21.1967622
            ],
            [
              81.4330251,
              21.1967523
            ],
            [
              81.4329546,
              21.196162
            ],
            [
              81.4328997,
              21.1957857
            ],
            [
              81.4328907,
              21.1957291
            ],
            [
              81.4326198,
              21.1950987
            ],
            [
              81.4325839,
              21.1950458
            ],
            [
              81.4320333,
              21.1945415
            ],
            [
              81.4319557,
              21.194483
            ],
            [
              81.4307424,
              21.1938257
            ],
            [
              81.4302689,
              21.1934479
            ],
            [
              81.4301716,
              21.1919
            ],
            [
              81.4310716,
              21.1910524
            ],
            [
              81.4309591,
              21.1909192
            ],
            [
              81.4319564,
              21.1902303
            ],
            [
              81.4334402,
              21.1887816
            ],
            [
              81.4315764,
              21.1859721
            ],
            [
              81.4295635,
              21.1842088
            ],
            [
              81.4271281,
              21.1820711
            ],
            [
              81.4264014,
              21.1827402
            ],
            [
              81.4257264,
              21.1828593
            ],
            [
              81.4251609,
              21.1823093
            ],
            [
              81.4249328,
              21.1796273
            ],
            [
              81.4248082,
              21.1796273
            ],
            [
              81.4248051,
              21.1799363
            ],
            [
              81.423969,
              21.1800157
            ],
            [
              81.4239812,
              21.1802056
            ],
            [
              81.4233974,
              21.1802623
            ],
            [
              81.4234187,
              21.1804806
            ],
            [
              81.4230994,
              21.1807159
            ],
            [
              81.4211657,
              21.180835
            ],
            [
              81.4215813,
              21.1818759
            ]
          ]
        ]
      },
      "properties": {
        "osm_id": "way/202180496",
        "name": "Bhilai 500 MW Expansion Power Project",
        "zone_type": "industrial",
        "source": "osm"
      }
    },
    {
      "type": "Feature",
      "geometry": {
        "type": "Polygon",
        "coordinates": [
          [
            [
              81.391392,
              21.1767612
            ],
            [
              81.3954261,
              21.1803423
            ],
            [
              81.3957537,
              21.1800437
            ],
            [
              81.3970498,
              21.1812504
            ],
            [
              81.3975856,
              21.1810257
            ],
            [
              81.3978671,
              21.1804691
            ],
            [
              81.3961803,
              21.178365
            ],
            [
              81.3951841,
              21.1773138
            ],
            [
              81.393024,
              21.1750799
            ],
            [
              81.391392,
              21.1767612
            ]
          ]
        ]
      },
      "properties": {
        "osm_id": "way/1224580452",
        "name": null,
        "zone_type": "industrial",
        "source": "osm"
      }
    },
    {
      "type": "Feature",
      "geometry": {
        "type": "Polygon",
        "coordinates": [
          [
            [
              81.3702945,
              21.1948846
            ],
            [
              81.3715124,
              21.1938228
            ],
            [
              81.373015,
              21.194398
            ],
            [
              81.3747391,
              21.1924218
            ],
            [
              81.3756248,
              21.1917434
            ],
            [
              81.3754509,
              21.1915517
            ],
            [
              81.3723665,
              21.1902244
            ],
            [
              81.3718445,
              21.1910061
            ],
            [
              81.3701046,
              21.1914632
            ],
            [
              81.3688393,
              21.1938523
            ],
            [
              81.3702945,
              21.1948846
            ]
          ]
        ]
      },
      "properties": {
        "osm_id": "way/453944547",
        "name": null,
        "zone_type": "forest",
        "source": "osm"
      }
    },
    {
      "type": "Feature",
      "geometry": {
        "type": "Polygon",
        "coordinates": [
          [
            [
              82.6724308,
              24.109466
            ],
            [
              82.6725604,
              24.1094203
            ],
            [
              82.6726606,
              24.1093935
            ],
            [
              82.6727209,
              24.1093814
            ],
            [
              82.6727563,
              24.1093733
            ],
            [
              82.6727165,
              24.1092456
            ],
            [
              82.6726788,
              24.1091923
            ],
            [
              82.6726679,
              24.1091569
            ],
            [
              82.6726436,
              24.1091089
            ],
            [
              82.6725531,
              24.1091327
            ],
            [
              82.6724721,
              24.1091515
            ],
            [
              82.6723955,
              24.1091918
            ],
            [
              82.6723431,
              24.1091997
            ],
            [
              82.6723561,
              24.1092523
            ],
            [
              82.6723734,
              24.1092738
            ],
            [
              82.6723896,
              24.1093209
            ],
            [
              82.6724131,
              24.1093746
            ],
            [
              82.6724161,
              24.1094566
            ],
            [
              82.6724308,
              24.109466
            ]
          ]
        ]
      },
      "properties": {
        "osm_id": "way/804126450",
        "name": null,
        "zone_type": "farmland",
        "source": "osm"
      }
    },
    {
      "type": "Feature",
      "geometry": {
        "type": "Polygon",
        "coordinates": [
          [
            [
              82.6726889,
              24.1094096
            ],
            [
              82.6727548,
              24.1095346
            ],
            [
              82.6727887,
              24.1096032
            ],
            [
              82.6728064,
              24.1096327
            ],
            [
              82.6730243,
              24.1095467
            ],
            [
              82.6731701,
              24.1095037
            ],
            [
              82.6731171,
              24.1093827
            ],
            [
              82.6730891,
              24.109298
            ],
            [
              82.6730685,
              24.1092429
            ],
            [
              82.6726889,
              24.1094096
            ]
          ]
        ]
      },
      "properties": {
        "osm_id": "way/804126451",
        "name": null,
        "zone_type": "farmland",
        "source": "osm"
      }
    },
    {
      "type": "Feature",
      "geometry": {
        "type": "Polygon",
        "coordinates": [
          [
            [
              82.6724297,
              24.1086807
            ],
            [
              82.6723231,
              24.1084185
            ],
            [
              82.6726301,
              24.1083018
            ],
            [
              82.6727241,
              24.1085258
            ],
            [
              82.6724297,
              24.1086807
            ]
          ]
        ]
      },
      "properties": {
        "osm_id": "way/804128857",
        "name": null,
        "zone_type": "farmland",
        "source": "osm"
      }
    },
    {
      "type": "Feature",
      "geometry": {
        "type": "Polygon",
        "coordinates": [
          [
            [
              86.1905533,
              22.775406
            ],
            [
              86.1887339,
              22.776367
            ],
            [
              86.1871525,
              22.7774483
            ],
            [
              86.1868225,
              22.7779176
            ],
            [
              86.1867487,
              22.7791357
            ],
            [
              86.1869032,
              22.7794871
            ],
            [
              86.1871769,
              22.780304
            ],
            [
              86.1866737,
              22.7806956
            ],
            [
              86.1864014,
              22.7812039
            ],
            [
              86.186108,
              22.7816444
            ],
            [
              86.1857274,
              22.7820748
            ],
            [
              86.1850598,
              22.7831341
            ],
            [
              86.1845097,
              22.7841992
            ],
            [
              86.1843777,
              22.7849194
            ],
            [
              86.1843832,
              22.7858019
            ],
            [
              86.1844712,
              22.7858729
            ],
            [
              86.1849168,
              22.7858069
            ],
            [
              86.1849993,
              22.7872321
            ],
            [
              86.1857585,
              22.7882515
            ],
            [
              86.1865726,
              22.7893673
            ],
            [
              86.1854559,
              22.7893825
            ],
            [
              86.1853129,
              22.789276
            ],
            [
              86.1843557,
              22.7892608
            ],
            [
              86.1843447,
              22.790975
            ],
            [
              86.1861106,
              22.7910105
            ],
            [
              86.1861381,
              22.7908634
            ],
            [
              86.1873263,
              22.7908837
            ],
            [
              86.1875552,
              22.7910698
            ],
            [
              86.1876888,
              22.7914792
            ],
            [
              86.1877444,
              22.791969
            ],
            [
              86.1876179,
              22.7932014
            ],
            [
              86.1862866,
              22.793952
            ],
            [
              86.185775,
              22.7939419
            ],
            [
              86.1850488,
              22.7944135
            ],
            [
              86.1850268,
              22.7946823
            ],
            [
              86.1847628,
              22.7946823
            ],
            [
              86.1847243,
              22.7962189
            ],
            [
              86.1849938,
              22.7969695
            ],
            [
              86.1855054,
              22.7975831
            ],
            [
              86.1862646,
              22.7979178
            ],
            [
              86.1863801,
              22.7982982
            ],
            [
              86.1895236,
              22.7982357
            ],
            [
              86.189505,
              22.7983136
            ],
            [
              86.1895012,
              22.7985644
            ],
            [
              86.189479,
              22.7990475
            ],
            [
              86.1926129,
              22.7990234
            ],
            [
              86.1947858,
              22.7990842
            ],
            [
              86.1957045,
              22.7992972
            ],
            [
              86.197707,
              22.7996992
            ],
            [
              86.19886,
              22.7997967
            ],
            [
              86.1989796,
              22.7996985
            ],
            [
              86.2005182,
              22.7998406
            ],
            [
              86.2022138,
              22.7999245
            ],
            [
              86.2022086,
              22.7986532
            ],
            [
              86.2051444,
              22.7986633
            ],
            [
              86.205909,
              22.7991247
            ],
            [
              86.2062024,
              22.7986344
            ],
            [
              86.2069176,
              22.7990232
            ],
            [
              86.206936,
              22.7983892
            ],
            [
              86.2070552,
              22.7980934
            ],
            [
              86.207422,
              22.7980257
            ],
            [
              86.2079722,
              22.7981779
            ],
            [
              86.2085957,
              22.7983977
            ],
            [
              86.2086779,
              22.7982895
            ],
            [
              86.2095171,
              22.7981704
            ],
            [
              86.2098927,
              22.7980893
            ],
            [
              86.2098633,
              22.7979595
            ],
            [
              86.2100453,
              22.7977268
            ],
            [
              86.2104619,
              22.7977971
            ],
            [
              86.210145,
              22.7968828
            ],
            [
              86.2103035,
              22.7968504
            ],
            [
              86.2110194,
              22.7968774
            ],
            [
              86.2111662,
              22.7964987
            ],
            [
              86.2108082,
              22.7964338
            ],
            [
              86.2104619,
              22.7953788
            ],
            [
              86.2111251,
              22.7948215
            ],
            [
              86.2113129,
              22.7948973
            ],
            [
              86.2115065,
              22.7952165
            ],
            [
              86.2115241,
              22.7954816
            ],
            [
              86.2117882,
              22.7954383
            ],
            [
              86.2131087,
              22.7918621
            ],
            [
              86.2137953,
              22.7900496
            ],
            [
              86.2141357,
              22.789422
            ],
            [
              86.2145348,
              22.7884373
            ],
            [
              86.2145876,
              22.7878746
            ],
            [
              86.2145863,
              22.7843228
            ],
            [
              86.2145532,
              22.7840679
            ],
            [
              86.2144751,
              22.7839239
            ],
            [
              86.2136819,
              22.783162
            ],
            [
              86.2129457,
              22.7825055
            ],
            [
              86.2119121,
              22.7815386
            ],
            [
              86.2113232,
              22.78104
            ],
            [
              86.2113742,
              22.7804194
            ],
            [
              86.2113282,
              22.7803628
            ],
            [
              86.2107322,
              22.7802346
            ],
            [
              86.2102157,
              22.7799644
            ],
            [
              86.2086363,
              22.7794561
            ],
            [
              86.2062722,
              22.7790119
            ],
            [
              86.2060288,
              22.7793416
            ],
            [
              86.2045389,
              22.7796576
            ],
            [
              86.2032575,
              22.7794607
            ],
            [
              86.202881,
              22.7790589
            ],
            [
              86.2028127,
              22.7788071
            ],
            [
              86.2027891,
              22.7787199
            ],
            [
              86.2026344,
              22.7779914
            ],
            [
              86.2023883,
              22.7768505
            ],
            [
              86.2013657,
              22.7752757
            ],
            [
              86.2009877,
              22.7746936
            ],
            [
              86.200902,
              22.7745402
            ],
            [
              86.1995735,
              22.77521
            ],
            [
              86.199052,
              22.7747005
            ],
            [
              86.1978103,
              22.7730233
            ],
            [
              86.199828,
              22.7715636
            ],
            [
              86.1993996,
              22.7708022
            ],
            [
              86.1998218,
              22.7704588
            ],
            [
              86.1995773,
              22.7701631
            ],
            [
              86.1991623,
              22.7703066
            ],
            [
              86.1988807,
              22.7704093
            ],
            [
              86.1986916,
              22.7704995
            ],
            [
              86.1983764,
              22.7706145
            ],
            [
              86.1983523,
              22.7705725
            ],
            [
              86.1980036,
              22.7706788
            ],
            [
              86.197934,
              22.7705418
            ],
            [
              86.1979017,
              22.7704835
            ],
            [
              86.1971667,
              22.7708421
            ],
            [
              86.1966531,
              22.7711685
            ],
            [
              86.196063,
              22.7715086
            ],
            [
              86.196039,
              22.771467
            ],
            [
              86.1960281,
              22.771443
            ],
            [
              86.1956017,
              22.7716953
            ],
            [
              86.1951645,
              22.772091
            ],
            [
              86.1946642,
              22.772647
            ],
            [
              86.1945046,
              22.7728243
            ],
            [
              86.1940688,
              22.7733671
            ],
            [
              86.1931421,
              22.7739199
            ],
            [
              86.1932266,
              22.7741029
            ],
            [
              86.192788,
              22.7750847
            ],
            [
              86.1919847,
              22.7761197
            ],
            [
              86.1917862,
              22.7758551
            ],
            [
              86.1909952,
              22.7751298
            ],
            [
              86.1905533,
              22.775406
            ]
          ]
        ]
      },
      "properties": {
        "osm_id": "way/60260584",
        "name": "Tata Steel",
        "zone_type": "industrial",
        "source": "osm"
      }
    },
    {
      "type": "Feature",
      "geometry": {
        "type": "Polygon",
        "coordinates": [
          [
            [
              86.2044597,
              22.7769259
            ],
            [
              86.2026344,
              22.7779914
            ],
            [
              86.2023883,
              22.7768505
            ],
            [
              86.2013657,
              22.7752757
            ],
            [
              86.2029389,
              22.7743959
            ],
            [
              86.2046197,
              22.7768015
            ],
            [
              86.2044597,
              22.7769259
            ]
          ]
        ]
      },
      "properties": {
        "osm_id": "way/1042741813",
        "name": "BOC(British Oxygen Company) GAS",
        "zone_type": "industrial",
        "source": "osm"
      }
    },
    {
      "type": "Feature",
      "geometry": {
        "type": "Polygon",
        "coordinates": [
          [
            [
              86.2029455,
              22.7787311
            ],
            [
              86.2056287,
              22.77839
            ],
            [
              86.205706,
              22.7783488
            ],
            [
              86.2056734,
              22.7782438
            ],
            [
              86.2046368,
              22.7767745
            ],
            [
              86.2026344,
              22.7779914
            ],
            [
              86.2027891,
              22.7787199
            ],
            [
              86.2029455,
              22.7787311
            ]
          ]
        ]
      },
      "properties": {
        "osm_id": "way/1161996119",
        "name": "CSIR-National Metallurgical Laboratory",
        "zone_type": "industrial",
        "source": "osm"
      }
    },
    {
      "type": "Feature",
      "geometry": {
        "type": "Polygon",
        "coordinates": [
          [
            [
              86.2083226,
              22.7930915
            ],
            [
              86.2113142,
              22.7930975
            ],
            [
              86.2108264,
              22.7941807
            ],
            [
              86.2087072,
              22.7959732
            ],
            [
              86.2082459,
              22.7961341
            ],
            [
              86.2083226,
              22.7930915
            ]
          ]
        ]
      },
      "properties": {
        "osm_id": "way/1199596865",
        "name": "Jojobera Tata Unit 6 Power Station",
        "zone_type": "industrial",
        "source": "osm"
      }
    }
  ]
}